,Symbol,Series,Date,Prev Close,Open Price,High Price,Low Price,Last Price,Close Price,Average Price,Total Traded Quantity,Turnover,No. of Trades,Deliverable Qty,% Dly Qt to Traded Qty,movavg14day,stddiv14day,uppbound,lowbound,Call
0,IDFC,EQ,15-May-2017,63.35,63.95,64.35,63.25,63.65,63.7,63.74,2754130,175543313.65,10529,1119918,40.66,,,,,
1,IDFC,EQ,16-May-2017,63.7,64.0,64.6,62.9,64.55,64.25,63.8,4014549,256135522.95,12172,1694524,42.21,,,,,
2,IDFC,EQ,17-May-2017,64.25,64.65,64.65,63.25,63.25,63.35,63.58,4184709,266048669.85,6189,2802239,66.96,,,,,
3,IDFC,EQ,18-May-2017,63.35,62.4,62.6,61.2,61.35,61.5,61.85,6040654,373622920.9,14151,2475921,40.99,,,,,
4,IDFC,EQ,19-May-2017,61.5,61.85,62.3,60.3,61.0,61.15,61.2,3697284,226272136.6,7537,1711047,46.28,,,,,
5,IDFC,EQ,22-May-2017,61.15,61.3,61.7,60.0,60.1,60.2,60.62,3714457,225183874.2,9335,1491139,40.14,,,,,
6,IDFC,EQ,23-May-2017,60.2,60.3,60.45,57.3,58.2,58.25,58.59,3616589,211897512.8,9665,897898,24.83,,,,,
7,IDFC,EQ,24-May-2017,58.25,58.2,58.9,56.4,56.75,56.9,57.52,4987978,286904990.05,9410,1666628,33.41,,,,,
8,IDFC,EQ,25-May-2017,56.9,57.3,58.35,56.2,57.7,57.6,57.54,29243828,1682796956.4,30826,18794467,64.27,,,,,
9,IDFC,EQ,26-May-2017,57.6,57.8,59.6,57.5,59.45,59.25,58.79,4264464,250716809.4,7597,1994291,46.77,,,,,
10,IDFC,EQ,29-May-2017,59.25,59.3,59.5,57.9,58.5,58.35,58.63,4465533,261816592.05,7958,2467805,55.26,,,,,
11,IDFC,EQ,30-May-2017,58.35,58.2,59.55,57.55,59.15,59.15,58.72,4192784,246181589.3,7911,2145253,51.17,,,,,
12,IDFC,EQ,31-May-2017,59.15,59.3,59.75,58.8,59.15,59.05,59.16,2288705,135396344.7,4324,987975,43.17,,,,,
13,IDFC,EQ,01-Jun-2017,59.05,58.75,59.4,58.1,59.0,59.15,58.74,1926329,113158736.85,5010,591973,30.73,60.17714285714285,2.2789046916022184,64.73495224034728,55.61933347393841,Hold Buy/ Liquidate Short
14,IDFC,EQ,02-Jun-2017,59.15,59.4,60.0,59.0,59.2,59.4,59.6,3069321,182946558.85,5501,1483205,48.32,59.881428571428565,2.036761596799639,63.95495176502784,55.807905377829286,Hold Buy/ Liquidate Short
15,IDFC,EQ,05-Jun-2017,59.4,59.2,59.7,58.9,59.0,59.0,59.13,1755635,103806023.4,5032,821941,46.82,59.54785714285714,1.7002451342331601,62.94834741132346,56.14736687439082,Hold Buy/ Liquidate Short
16,IDFC,EQ,06-Jun-2017,59.0,59.25,59.25,57.85,58.55,58.7,58.6,4148126,243093221.6,12608,2125806,51.25,59.192142857142855,1.2542124625034357,61.700567782149726,56.683717932135984,Hold Buy/ Liquidate Short
17,IDFC,EQ,07-Jun-2017,58.7,58.7,59.05,58.25,59.0,58.7,58.67,1591564,93370699.3,5346,592858,37.25,58.96499999999999,0.9975257852846354,60.96005157056926,56.969948429430715,Hold Buy/ Liquidate Short
18,IDFC,EQ,08-Jun-2017,58.7,59.1,59.1,57.4,57.5,57.65,57.82,4239089,245095669.5,9582,2157386,50.89,58.72357142857142,0.8055347687941882,60.334640966159796,57.11250189098304,Hold Buy/ Liquidate Short
19,IDFC,EQ,09-Jun-2017,57.65,57.5,57.8,57.1,57.45,57.65,57.54,1183799,68120189.65,3309,377796,31.91,58.50357142857142,0.6541183983965949,59.81180822536461,57.19533463177823,Hold Buy/ Liquidate Short
20,IDFC,EQ,12-Jun-2017,57.65,57.4,57.55,56.25,56.35,56.4,56.79,1713896,97328988.85,4410,654442,38.18,58.374999999999986,0.7970981022530647,59.96919620450611,56.78080379549386,Hold Buy/ Liquidate Short
21,IDFC,EQ,13-Jun-2017,56.4,56.6,56.95,56.3,56.35,56.5,56.66,1213899,68782317.8,3641,410504,33.82,58.313571428571414,0.8951631320419136,60.10389769265524,56.52324516448759,Hold Buy/ Liquidate Short
22,IDFC,EQ,14-Jun-2017,56.5,56.4,56.95,56.15,56.75,56.5,56.56,1003347,56746354.95,3624,298043,29.7,58.24357142857142,0.9932511274586396,60.2300736834887,56.257069173654145,Hold Buy/ Liquidate Short
23,IDFC,EQ,15-Jun-2017,56.5,56.9,57.5,56.35,56.55,56.6,56.85,3671049,208712077.4,9731,1434768,39.08,58.105,1.0451260505501339,60.195252101100266,56.01474789889973,Hold Buy/ Liquidate Short
24,IDFC,EQ,16-Jun-2017,56.6,57.0,57.35,56.4,57.0,57.05,56.87,2646538,150521261.35,5696,1077489,40.71,57.97928571428571,1.0823085319084484,60.14390277810261,55.81466865046881,Hold Buy/ Liquidate Short
25,IDFC,EQ,19-Jun-2017,57.05,57.25,57.55,56.7,56.95,57.05,57.0,1803732,102810667.25,6100,452818,25.1,57.856428571428566,1.089358365438901,60.03514530230637,55.677711840550764,Hold Buy/ Liquidate Short
26,IDFC,EQ,20-Jun-2017,57.05,57.3,58.25,56.85,58.0,57.95,57.6,2702452,155660570.5,5853,1300895,48.14,57.745,1.0235590246405653,59.79211804928113,55.697881950718866,Hold Short/ Liquidate Buy
27,IDFC,EQ,21-Jun-2017,57.95,57.8,58.0,56.95,57.35,57.4,57.44,3767928,216431353.0,4780,2043615,54.24,57.65214285714285,0.9845747115569401,59.62129228025673,55.682993434028965,Hold Short/ Liquidate Buy
28,IDFC,EQ,22-Jun-2017,57.4,59.2,59.4,57.5,57.5,57.7,58.24,9684227,564005586.25,22058,4249861,43.88,57.55499999999999,0.8330366138412365,59.22107322768247,55.88892677231752,Hold Short/ Liquidate Buy
29,IDFC,EQ,23-Jun-2017,57.7,57.6,57.9,55.9,56.05,56.2,56.58,2269798,128417147.95,8095,740579,32.63,57.372857142857136,0.7352072295140665,58.84327160188527,55.902442683829,Hold Buy/ Liquidate Short
30,IDFC,EQ,27-Jun-2017,56.2,56.45,56.7,54.7,55.05,54.95,55.67,3091368,172096251.1,9316,1069793,34.61,57.163571428571416,0.7749700455041201,58.713511519579654,55.61363133756318,Hold Buy/ Liquidate Short
31,IDFC,EQ,28-Jun-2017,54.95,54.3,55.75,54.3,55.7,55.6,55.18,4481435,247289606.4,7320,2350465,52.45,56.914285714285704,0.8134798402846517,58.54124539485501,55.2873260337164,Hold Buy/ Liquidate Short
32,IDFC,EQ,29-Jun-2017,55.6,55.7,56.2,54.65,55.3,55.15,55.23,24714221,1364909247.0,41540,12640269,51.15,56.7292857142857,0.8831801304701344,58.49564597522597,54.962925453345434,Hold Buy/ Liquidate Short
33,IDFC,EQ,30-Jun-2017,55.15,54.85,56.8,54.15,54.3,55.25,55.1,14607378,804857323.1,14585,9430999,64.56,56.55499999999999,0.9491757557927415,58.453351511585474,54.65664848841451,Hold Buy/ Liquidate Short
34,IDFC,EQ,03-Jul-2017,55.25,54.3,54.55,53.9,54.15,54.2,54.29,7578461,411449344.65,16489,4813839,63.52,56.37642857142856,1.1211505569854057,58.61872968539937,54.13412745745775,Hold Buy/ Liquidate Short
35,IDFC,EQ,04-Jul-2017,54.2,54.4,56.5,54.3,54.85,54.9,55.57,20418061,1134559157.45,44154,12733058,62.36,56.29857142857143,1.1376687171097861,58.573908862791,54.023233994351855,Hold Buy/ Liquidate Short
36,IDFC,EQ,05-Jul-2017,54.9,55.2,60.75,54.75,60.55,60.45,58.13,34021165,1977561306.85,73827,11141437,32.75,56.410714285714285,1.2383454487943037,58.88740518330289,53.93402338812568,Short
37,IDFC,EQ,06-Jul-2017,60.45,61.35,62.4,59.9,60.15,60.65,61.22,30472182,1865472681.4,63581,8812573,28.92,56.722857142857144,1.7868684621703432,60.29659406719783,53.14912021851646,Hold Short/ Liquidate Buy
38,IDFC,EQ,07-Jul-2017,60.65,62.0,62.1,59.3,60.0,59.95,60.29,19776663,1192413106.6,55200,9355607,47.31,56.96714285714285,2.0262714093072334,61.01968567575732,52.914600038528384,Hold Short/ Liquidate Buy
39,IDFC,EQ,10-Jul-2017,59.95,65.9,68.9,56.05,56.45,56.5,57.97,11221799,650556667.8,24189,4237974,37.77,57.03642857142857,2.043987833558791,61.124404238546155,52.94845290431099,Hold Buy/ Liquidate Short
40,IDFC,EQ,11-Jul-2017,56.5,57.25,57.65,55.7,55.95,56.0,56.71,11236099,637199432.6,36063,4776312,42.51,56.972857142857144,2.038945536570067,61.05074821599728,52.89496606971701,Hold Buy/ Liquidate Short
41,IDFC,EQ,12-Jul-2017,56.0,56.1,57.6,55.65,57.15,57.3,56.82,9006350,511744740.15,18860,2906379,32.27,56.92857142857143,2.0347476015953188,60.99806663176207,52.85907622538079,Hold Buy/ Liquidate Short
42,IDFC,EQ,13-Jul-2017,57.3,57.65,57.65,56.25,56.5,56.5,56.89,4410767,250930207.95,10804,1400752,31.76,56.832142857142856,1.9995006244692322,60.83114410608132,52.83314160820439,Hold Buy/ Liquidate Short
43,IDFC,EQ,14-Jul-2017,56.5,56.7,56.8,55.9,56.1,56.15,56.26,4430191,249243592.2,14631,1890234,42.67,56.80928571428571,2.004427653915282,60.81814102211627,52.80043040645514,Hold Buy/ Liquidate Short
44,IDFC,EQ,17-Jul-2017,56.15,56.15,56.5,55.55,56.05,56.1,56.02,4155261,232769747.55,9804,1740779,41.89,56.83428571428571,1.9912644389769452,60.8168145922396,52.85175683633182,Hold Buy/ Liquidate Short
45,IDFC,EQ,18-Jul-2017,56.1,55.7,57.75,55.45,57.4,57.3,56.97,16058598,914841915.35,29020,9104844,56.7,56.96214285714286,1.933502913492404,60.82914868412767,53.09513703015805,Hold Short/ Liquidate Buy
46,IDFC,EQ,19-Jul-2017,57.3,57.8,59.7,57.5,59.5,59.4,58.69,14025162,823106843.85,27213,6722842,47.93,57.20928571428572,1.9161197340367133,61.041525182359145,53.377046246212295,Hold Buy/ Liquidate Short
47,IDFC,EQ,20-Jul-2017,59.4,59.45,60.35,58.65,59.0,59.1,59.28,12910157,765361981.45,21175,5197163,40.26,57.50785714285714,1.8876203112809837,61.28309776541911,53.732616520295174,Hold Buy/ Liquidate Short
48,IDFC,EQ,21-Jul-2017,59.1,59.4,59.7,57.2,58.35,58.3,58.7,5602121,328861418.55,18370,1978598,35.32,57.82285714285715,1.664051721512347,61.15096058588185,54.49475369983246,Hold Buy/ Liquidate Short
49,IDFC,EQ,24-Jul-2017,58.3,58.55,59.4,58.35,58.95,58.95,58.97,5154605,303990937.95,14959,1931087,37.46,58.06571428571429,1.554466093282482,61.17464647227926,54.95678209914933,Hold Buy/ Liquidate Short
50,IDFC,EQ,25-Jul-2017,58.95,59.0,59.25,58.2,58.4,58.65,58.72,4083565,239768483.45,16941,1843739,45.15,58.10785714285715,1.5643095236283489,61.23647619011385,54.97923809560045,Hold Buy/ Liquidate Short
51,IDFC,EQ,26-Jul-2017,58.65,58.95,59.1,58.2,58.35,58.35,58.61,5023303,294428243.15,14148,2573979,51.24,57.92142857142858,1.2976894089873243,60.516807389403226,55.32604975345393,Hold Buy/ Liquidate Short
52,IDFC,EQ,27-Jul-2017,58.35,58.55,59.2,57.35,57.6,57.6,58.0,17698654,1026445036.5,23419,8940782,50.52,57.757857142857155,1.1063952456335449,59.97064763412425,55.54506665159006,Hold Short/ Liquidate Buy
53,IDFC,EQ,28-Jul-2017,57.6,58.6,60.45,58.05,59.5,59.55,59.5,15633060,930153888.75,40045,5451998,34.87,57.867142857142866,1.2005218645459221,60.26818658623471,55.46609912805102,Short
54,IDFC,EQ,31-Jul-2017,59.55,59.55,59.8,58.55,58.7,58.75,59.05,5510634,325387589.0,11238,2658617,48.25,58.034285714285716,1.1898720958135267,60.41402990591277,55.65454152265866,Short
55,IDFC,EQ,01-Aug-2017,58.75,59.35,59.6,58.6,58.7,58.7,59.01,4789084,282585240.1,10193,2760336,57.64,58.190714285714286,1.1615736294800103,60.513861544674306,55.867567026754266,Short
56,IDFC,EQ,02-Aug-2017,58.7,58.9,59.3,57.6,57.9,58.2,58.3,5402562,314944037.8,11085,2735901,50.64,58.29142857142857,1.0995933314210136,60.49061523427059,56.092241908586544,Hold Buy/ Liquidate Short
57,IDFC,EQ,03-Aug-2017,58.2,58.2,58.2,56.65,56.75,56.95,57.37,3419930,196214812.4,8768,1719361,50.27,58.37071428571428,0.9747856907326926,60.32028566717966,56.421142904248896,Hold Buy/ Liquidate Short
58,IDFC,EQ,04-Aug-2017,56.95,56.65,57.7,56.25,57.55,57.55,57.1,7583139,432989102.75,16683,2991064,39.44,58.44785714285714,0.8018361483440861,60.05152943954531,56.844184846168964,Hold Buy/ Liquidate Short
59,IDFC,EQ,07-Aug-2017,57.55,57.85,58.8,57.15,58.65,58.55,58.0,3173240,184049997.45,8969,1412100,44.5,58.521428571428565,0.6960863910006674,59.9136013534299,57.12925578942723,Short
60,IDFC,EQ,08-Aug-2017,58.55,58.7,58.8,56.75,56.85,56.9,57.41,3164313,181650441.2,7939,1380482,43.63,58.43,0.7539026666415908,59.93780533328318,56.92219466671682,Hold Buy/ Liquidate Short
61,IDFC,EQ,09-Aug-2017,56.9,56.9,57.8,56.15,56.25,56.4,57.0,3947103,225000042.2,11153,1482422,37.56,58.26714285714286,0.8009554733752309,59.86905380389332,56.66523191039239,Hold Buy/ Liquidate Short
62,IDFC,EQ,10-Aug-2017,56.4,56.1,56.65,53.55,54.75,54.65,55.5,7875252,437073973.65,14689,4184491,53.13,58.03857142857142,1.0769676599877136,60.19250674854685,55.884636108596,Buy
63,IDFC,EQ,11-Aug-2017,54.65,53.9,55.15,52.8,53.45,53.6,53.88,8753130,471589845.3,16886,4040513,46.16,57.675,1.5103170833661916,60.69563416673238,54.65436583326761,Buy
64,IDFC,EQ,14-Aug-2017,53.6,54.1,55.25,53.9,54.6,54.7,54.64,6308470,344668046.75,10874,3091390,49.0,57.38357142857142,1.6775421908845911,60.7386558103406,54.02848704680224,Buy
65,IDFC,EQ,16-Aug-2017,54.7,55.0,57.1,54.6,56.65,56.75,56.02,8179989,458208031.2,17278,3709754,45.35,57.19857142857142,1.6746979389768364,60.547967306525095,53.849175550617744,Hold Buy/ Liquidate Short
66,IDFC,EQ,17-Aug-2017,56.75,56.95,57.6,56.1,56.55,56.45,56.62,9076767,513956866.65,17215,4368916,48.13,57.09999999999999,1.6644795906505991,60.42895918130119,53.771040818698786,Hold Buy/ Liquidate Short
67,IDFC,EQ,18-Aug-2017,56.45,56.0,56.4,55.35,55.9,55.85,55.92,2839275,158766737.35,6184,1144856,40.32,56.844285714285704,1.5375640788934224,59.919413872072546,53.76915755649886,Hold Buy/ Liquidate Short
68,IDFC,EQ,21-Aug-2017,55.85,55.9,56.1,54.05,54.2,54.3,55.21,3575892,197419934.7,6980,2091061,58.48,56.56999999999999,1.4540606272409675,59.47812125448193,53.66187874551806,Hold Buy/ Liquidate Short
69,IDFC,EQ,22-Aug-2017,54.3,53.7,54.8,53.5,53.85,53.85,54.01,2318267,125207779.85,9204,695774,30.01,56.21285714285714,1.4223514040080296,59.0575599508732,53.36815433484108,Hold Buy/ Liquidate Short
70,IDFC,EQ,23-Aug-2017,53.85,54.05,55.1,53.95,55.0,54.85,54.61,1686106,92071126.65,4282,544774,32.31,55.949285714285715,1.3456623435532586,58.64061040139223,53.2579610271792,Hold Buy/ Liquidate Short
71,IDFC,EQ,24-Aug-2017,54.85,55.0,55.0,54.3,54.45,54.6,54.57,3347726,182677902.5,5176,1808932,54.03,55.74928571428571,1.3262002649891342,58.40168624426398,53.096885184307446,Hold Buy/ Liquidate Short
72,IDFC,EQ,28-Aug-2017,54.6,54.85,55.65,54.6,55.05,55.0,55.04,5637700,310273506.65,5895,3825810,67.86,55.60214285714285,1.278220990712877,58.15858483856861,53.045700875717095,Hold Buy/ Liquidate Short
73,IDFC,EQ,29-Aug-2017,55.0,54.8,54.85,54.0,54.15,54.05,54.44,3161546,172106377.55,5111,1394454,44.11,55.34785714285714,1.107166713674251,57.56219057020564,53.13352371550864,Hold Buy/ Liquidate Short
74,IDFC,EQ,30-Aug-2017,54.05,54.5,54.95,54.3,54.65,54.6,54.6,1792508,97871338.85,3614,757257,42.25,55.14714285714285,0.947810664080735,57.04276418530432,53.251521528981385,Hold Buy/ Liquidate Short
75,IDFC,EQ,31-Aug-2017,54.6,54.7,55.5,54.05,54.8,54.45,54.47,25442983,1385830091.9,15000,13169469,51.76,54.96642857142857,0.796469200166143,56.55936697176086,53.373490171096286,Hold Buy/ Liquidate Short
76,IDFC,EQ,01-Sep-2017,54.45,54.95,58.35,54.85,57.8,57.9,57.2,12363037,707142526.4,24951,2670895,21.6,55.087857142857146,0.990121815127471,57.068100773112086,53.10761351260221,Hold Short/ Liquidate Buy
77,IDFC,EQ,04-Sep-2017,57.9,58.1,59.05,56.8,58.3,58.4,57.9,8889674,514695329.2,16210,3373076,37.94,55.375,1.17798230364145,57.7309646072829,53.0190353927171,Hold Short/ Liquidate Buy
78,IDFC,EQ,05-Sep-2017,58.4,58.85,59.55,58.25,59.2,59.2,59.03,8269819,488136437.05,12318,3641815,44.04,55.68857142857143,1.505926023021482,58.70042347461439,52.67671938252847,Hold Short/ Liquidate Buy
79,IDFC,EQ,06-Sep-2017,59.2,58.85,60.6,58.55,60.45,60.25,59.74,9639067,575810105.6,16110,3597167,37.32,55.95428571428572,1.856326870610228,59.666939455506174,52.24163197306526,Hold Short/ Liquidate Buy
80,IDFC,EQ,07-Sep-2017,60.25,60.5,61.05,59.5,60.15,60.2,60.25,8480374,510917447.55,12111,4204854,49.58,56.21357142857143,2.18149774640785,60.576566921387126,51.85057593575573,Hold Short/ Liquidate Buy
81,IDFC,EQ,08-Sep-2017,60.2,60.3,60.55,58.55,59.0,58.95,59.16,5193607,307267735.8,12474,2083203,40.11,56.445,2.3156914567957947,61.07638291359159,51.813617086408414,Hold Short/ Liquidate Buy
82,IDFC,EQ,11-Sep-2017,58.95,59.3,59.6,58.7,58.85,58.95,59.12,4307850,254688830.5,8762,2132199,49.5,56.72428571428571,2.3898816008192054,61.50404891592412,51.9445225126473,Hold Short/ Liquidate Buy
83,IDFC,EQ,12-Sep-2017,58.95,59.1,59.25,57.95,58.65,58.7,58.55,5943041,347938819.5,14173,2681371,45.12,57.04857142857143,2.2995580081761644,61.647687444923754,52.4494554122191,Hold Short/ Liquidate Buy
84,IDFC,EQ,13-Sep-2017,58.7,58.65,61.75,58.5,58.75,58.75,59.8,21514007,1286495790.75,24784,10358419,48.15,57.41928571428571,2.294530165702507,62.00834604569072,52.83022538288069,Hold Short/ Liquidate Buy
85,IDFC,EQ,14-Sep-2017,58.75,58.7,61.6,58.7,61.4,61.4,60.62,16054004,973152652.4,27461,6016012,37.47,57.85142857142856,2.2863301368143607,62.424088845057284,53.27876829779984,Hold Short/ Liquidate Buy
86,IDFC,EQ,15-Sep-2017,61.4,61.0,62.5,60.3,61.7,62.1,61.64,13342713,822397514.3,24879,6063127,45.44,58.32285714285713,2.341805446072074,63.00646803500128,53.639246250712986,Hold Short/ Liquidate Buy
87,IDFC,EQ,18-Sep-2017,62.1,62.4,63.25,62.0,62.3,62.3,62.46,12524338,782327057.55,20043,6477606,51.72,58.895714285714284,2.299460519626018,63.49463532496632,54.29679324646225,Hold Short/ Liquidate Buy
88,IDFC,EQ,19-Sep-2017,62.3,62.45,63.6,61.45,62.25,62.1,62.44,17983490,1122949302.25,29510,7917340,44.03,59.455714285714286,2.1205250231078256,63.69676433192994,55.21466423949863,Hold Short/ Liquidate Buy
89,IDFC,EQ,20-Sep-2017,62.1,62.5,63.1,61.95,62.35,62.5,62.58,6750780,422451926.15,15348,2442127,36.18,60.035000000000004,1.7245278060519091,63.48405561210382,56.585944387896184,Short
90,IDFC,EQ,21-Sep-2017,62.5,62.3,62.7,60.3,61.4,61.55,61.43,7698832,472907852.7,12111,1836932,23.86,60.33714285714285,1.5514927232603206,63.44012830366349,57.23415741062221,Short
91,IDFC,EQ,22-Sep-2017,61.55,61.5,62.0,59.35,59.95,60.05,60.43,6907634,417404084.85,16958,2072902,30.01,60.51785714285713,1.3840974763996492,63.28605209565643,57.74966219005783,Hold Buy/ Liquidate Short
92,IDFC,EQ,25-Sep-2017,60.05,60.1,60.15,57.55,59.95,59.85,59.45,9257170,550319591.95,14670,3819034,41.25,60.54785714285714,1.3535831568978005,63.255023456652744,57.840690829061536,Hold Buy/ Liquidate Short
93,IDFC,EQ,26-Sep-2017,59.85,59.9,60.6,58.5,60.35,60.25,59.94,5736841,343886397.55,13879,2312753,40.31,60.56214285714285,1.3454320356812586,63.25300692850537,57.87127878578033,Hold Buy/ Liquidate Short
94,IDFC,EQ,27-Sep-2017,60.25,60.9,61.0,57.75,58.85,58.35,59.31,17262323,1023831444.15,21561,8804458,51.0,60.49499999999999,1.385078448208751,63.265156896417494,57.72484310358249,Hold Buy/ Liquidate Short
95,IDFC,EQ,28-Sep-2017,58.35,58.3,60.5,58.1,59.15,59.3,59.35,23730378,1408396597.35,18851,16016588,67.49,60.50857142857142,1.371859250141156,63.252289928853735,57.76485292828911,Hold Buy/ Liquidate Short
96,IDFC,EQ,29-Sep-2017,59.3,59.9,60.1,58.8,58.85,59.0,59.67,9884640,589843021.7,17944,5648008,57.14,60.54785714285713,1.3364544285386204,63.22076599993437,57.874948285779894,Hold Buy/ Liquidate Short
97,IDFC,EQ,03-Oct-2017,59.0,59.5,60.0,58.45,59.05,59.0,59.13,4340199,256627273.2,10613,1699124,39.15,60.58928571428571,1.2774461559372001,63.144178026160105,58.03439340241131,Hold Buy/ Liquidate Short
98,IDFC,EQ,04-Oct-2017,59.0,59.0,59.5,58.5,59.35,59.25,59.12,8192343,484346798.5,15713,4241702,51.78,60.54071428571428,1.3219185607739723,63.18455140726223,57.896877164166334,Hold Buy/ Liquidate Short
99,IDFC,EQ,05-Oct-2017,59.25,59.4,59.65,58.6,59.3,59.1,59.07,10816292,638907426.8,11887,7210226,66.66,60.43,1.3784662602941293,63.18693252058826,57.67306747941174,Hold Buy/ Liquidate Short
100,IDFC,EQ,06-Oct-2017,59.1,58.85,60.3,58.85,60.0,59.7,59.68,10481616,625566689.4,16358,6253046,59.66,60.29,1.3452537650226983,62.980507530045394,57.599492469954605,Hold Buy/ Liquidate Short
101,IDFC,EQ,09-Oct-2017,59.7,60.0,64.85,59.45,64.75,64.5,62.74,37661586,2362789483.0,47444,18686603,49.62,60.309999999999995,1.3815877154146488,63.073175430829295,57.546824569170695,Short
102,IDFC,EQ,10-Oct-2017,64.5,65.0,65.3,63.5,64.2,64.1,64.19,15857342,1017867600.65,28918,5435994,34.28,60.434999999999995,1.6434707645243356,63.721941529048664,57.14805847095133,Short
103,IDFC,EQ,11-Oct-2017,64.1,64.3,66.1,63.3,63.65,63.9,64.83,19575273,1269003704.85,24993,5763315,29.44,60.59571428571428,1.9506673977650164,64.49704908124431,56.69437949018425,Hold Short/ Liquidate Buy
104,IDFC,EQ,12-Oct-2017,63.9,64.1,67.55,63.55,67.0,66.55,65.27,22572480,1473390293.55,29528,11564854,51.23,60.87,2.313272739914342,65.49654547982868,56.24345452017131,Hold Short/ Liquidate Buy
105,IDFC,EQ,13-Oct-2017,66.55,66.95,68.0,65.9,66.15,66.2,66.76,15469578,1032789151.85,31049,5638009,36.45,61.32214285714286,2.7901259375255427,66.90239473219394,55.741890982091775,Hold Short/ Liquidate Buy
106,IDFC,EQ,16-Oct-2017,66.2,66.5,67.1,65.1,65.3,65.45,65.86,20176982,1328762504.8,46150,12988427,64.37,61.779999999999994,2.978833018792121,67.73766603758423,55.822333962415755,Hold Short/ Liquidate Buy
107,IDFC,EQ,17-Oct-2017,65.45,65.5,65.65,64.65,64.8,64.95,65.11,12007705,781839152.6,25624,7778730,64.78,62.14928571428571,3.0527275679948285,68.25474085027537,56.04383057829605,Hold Short/ Liquidate Buy
108,IDFC,EQ,18-Oct-2017,64.95,64.5,64.5,62.6,63.4,63.3,63.41,17735523,1124685037.1,36337,9070641,51.14,62.44214285714285,2.954475558229554,68.35109397360196,56.53319174068374,Hold Buy/ Liquidate Short
109,IDFC,EQ,19-Oct-2017,63.3,63.6,64.65,63.0,63.65,63.6,63.87,3738092,238746855.6,5967,1874809,50.15,62.764999999999986,2.835138715911717,68.43527743182342,57.09472256817655,Hold Buy/ Liquidate Short
110,IDFC,EQ,23-Oct-2017,63.6,63.5,64.2,62.35,63.6,63.75,63.4,7426270,470801727.8,14175,3127409,42.11,63.031428571428556,2.693647390386547,68.41872335220165,57.64413379065546,Hold Buy/ Liquidate Short
111,IDFC,EQ,24-Oct-2017,63.75,64.0,64.5,63.3,63.6,63.65,63.97,4382276,280344268.55,12597,1800056,41.08,63.37714285714285,2.454369505663247,68.28588186846935,58.468403845816354,Hold Buy/ Liquidate Short
112,IDFC,EQ,25-Oct-2017,63.65,64.6,64.95,62.95,63.25,63.4,63.54,7552279,479871759.7,15531,2705625,35.83,63.69285714285713,2.127094184640079,67.9470455121373,59.43866877357697,Hold Buy/ Liquidate Short
113,IDFC,EQ,26-Oct-2017,63.4,63.0,66.75,62.45,65.35,66.3,65.95,53495897,3528066384.55,52448,28789330,53.82,64.1842857142857,1.7356387176603658,67.65556314960644,60.71300827896498,Hold Short/ Liquidate Buy
114,IDFC,EQ,27-Oct-2017,66.3,65.7,67.0,62.9,63.55,63.2,64.69,12693186,821099688.0,28289,5453025,42.96,64.54214285714285,1.1547905475847806,66.85172395231241,62.23256176197329,Hold Buy/ Liquidate Short
115,IDFC,EQ,30-Oct-2017,63.2,63.95,64.6,60.1,61.6,61.8,62.41,13756095,858454356.5,31069,5131888,37.31,64.5185714285714,1.197001748876391,66.91257492632418,62.12456793081862,Hold Buy/ Liquidate Short
116,IDFC,EQ,31-Oct-2017,61.8,60.25,64.1,59.75,63.0,62.95,62.59,18608862,1164676237.7,38166,4705995,25.29,64.4042857142857,1.302516583598614,67.00931888148294,61.79925254708848,Hold Buy/ Liquidate Short
117,IDFC,EQ,01-Nov-2017,62.95,63.2,65.45,62.1,64.4,64.65,64.1,14100202,903890162.05,25577,2857919,20.27,64.35214285714285,1.2987697052413507,66.94968226762555,61.75460344666015,Hold Buy/ Liquidate Short
118,IDFC,EQ,02-Nov-2017,64.65,65.1,65.7,63.15,63.8,63.8,64.31,11794264,758480553.8,29058,4108207,34.83,64.28357142857142,1.2716410181811693,66.82685346493376,61.74028939220908,Hold Buy/ Liquidate Short
119,IDFC,EQ,03-Nov-2017,63.8,63.8,64.75,62.9,62.9,63.05,63.68,4826507,307329223.45,12773,1567666,32.48,64.06357142857141,1.0588789946328572,66.18132941783712,61.945813439305695,Hold Buy/ Liquidate Short
120,IDFC,EQ,06-Nov-2017,63.05,62.8,63.5,62.1,62.2,62.3,62.75,3692740,231701101.15,13225,1179019,31.93,63.84142857142855,0.9759954062222874,65.79341938387313,61.88943775898397,Hold Buy/ Liquidate Short
122,IDFC,EQ,07-Nov-2017,62.3,62.4,62.8,60.35,60.7,60.75,61.15,4942795,302230222.6,12098,1290099,26.1,63.558571428571405,1.1401002462189724,65.83877192100935,61.27837093613346,Hold Buy/ Liquidate Short
123,IDFC,EQ,08-Nov-2017,60.75,60.6,61.5,59.05,59.5,59.35,60.22,5834957,351359231.0,12756,2049665,35.13,63.33071428571427,1.4490021196869058,66.22871852508808,60.43271004634046,Buy
124,IDFC,EQ,09-Nov-2017,59.35,60.0,60.85,59.25,60.6,60.6,60.1,8688333,522186927.85,14155,3881375,44.67,63.06142857142856,1.6739260949721153,66.40928076137278,59.71357638148433,Hold Buy/ Liquidate Short
125,IDFC,EQ,10-Nov-2017,60.6,60.0,63.25,59.75,62.9,62.45,61.5,5561367,342010599.6,9621,1860211,33.45,62.92571428571427,1.720732019031061,66.36717832377639,59.48425024765215,Hold Buy/ Liquidate Short
126,IDFC,EQ,13-Nov-2017,62.45,62.9,63.7,61.75,62.9,62.6,62.96,8865331,558178365.0,17269,4029877,45.46,62.85357142857141,1.6945551135820482,66.24268165573551,59.46446120140732,Hold Buy/ Liquidate Short
127,IDFC,EQ,14-Nov-2017,62.6,63.4,63.65,61.05,61.45,61.55,61.94,8115674,502676946.25,23892,2933898,36.15,62.73928571428571,1.6986486225400423,66.1365829593658,59.341988469205624,Hold Buy/ Liquidate Short
128,IDFC,EQ,15-Nov-2017,61.55,61.05,61.75,59.55,60.3,60.3,60.78,5006778,304298608.4,17150,2170829,43.36,62.36999999999999,1.496950746838921,65.36390149367783,59.37609850632215,Hold Buy/ Liquidate Short
129,IDFC,EQ,16-Nov-2017,60.3,61.0,61.0,59.95,60.6,60.7,60.48,3407759,206085575.9,10554,1321648,38.78,62.0692857142857,1.4157056641380696,64.90069704256183,59.23787438600956,Hold Buy/ Liquidate Short
130,IDFC,EQ,17-Nov-2017,60.7,61.45,61.95,60.7,60.75,61.1,61.46,3599172,221204729.5,10962,1515678,42.11,62.00142857142856,1.4208765287280236,64.84318162888461,59.159675513972516,Hold Buy/ Liquidate Short
131,IDFC,EQ,20-Nov-2017,61.1,61.1,62.15,60.6,61.4,61.7,61.37,7776214,477192669.15,13474,4302790,55.33,61.914285714285704,1.4194132822874947,64.7531122788607,59.07545914971072,Hold Buy/ Liquidate Short
132,IDFC,EQ,21-Nov-2017,61.7,61.75,61.85,60.8,60.85,61.05,61.22,4871640,298254853.05,10293,2844434,58.39,61.70857142857142,1.2801373552676902,64.2688461391068,59.148296718036036,Hold Buy/ Liquidate Short
133,IDFC,EQ,22-Nov-2017,61.05,61.3,61.35,60.1,60.5,60.65,60.63,5568592,337643223.55,11257,3330193,59.8,61.44571428571427,1.0645455099981684,63.574805305710605,59.31662326571793,Hold Buy/ Liquidate Short
134,IDFC,EQ,23-Nov-2017,60.65,60.6,61.3,59.85,60.9,60.8,60.74,6642297,403445112.25,13773,3998382,60.2,61.23571428571427,0.8602746814085918,62.956263648531454,59.51516492289709,Hold Buy/ Liquidate Short
135,IDFC,EQ,24-Nov-2017,60.8,61.2,61.85,60.7,61.15,61.0,61.18,7371383,450990606.85,14473,4555960,61.81,61.12357142857142,0.7418750376099076,62.60732150379123,59.6398213533516,Hold Short/ Liquidate Buy
136,IDFC,EQ,27-Nov-2017,61.0,60.9,63.65,60.75,63.3,63.4,62.56,10010862,626319308.55,21998,4068501,40.64,61.2242857142857,0.8355349671430911,62.89535564857188,59.55321577999952,Short
137,IDFC,EQ,28-Nov-2017,63.4,63.4,63.85,62.1,62.45,62.55,62.78,5884394,369408818.55,14104,1782665,30.29,61.40714285714284,0.8778945842747965,63.16293202569243,59.65135368859325,Hold Buy/ Liquidate Short
138,IDFC,EQ,29-Nov-2017,62.55,62.4,62.95,61.7,61.85,61.95,62.26,4497618,280030629.5,12947,1575889,35.04,61.56142857142855,0.818280158370302,63.19798888816916,59.924868254687944,Hold Buy/ Liquidate Short
139,IDFC,EQ,30-Nov-2017,61.95,61.8,62.85,61.45,62.2,62.35,62.27,23503521,1463588054.95,27341,16278147,69.26,61.61642857142855,0.8394376060825489,63.295303783593646,59.937553359263454,Hold Buy/ Liquidate Short
140,IDFC,EQ,01-Dec-2017,62.35,62.4,63.5,60.5,61.0,60.9,62.42,8470886,528779931.75,19754,3577799,42.24,61.57785714285711,0.7834949174783417,63.1448469778138,60.010867307900426,Hold Buy/ Liquidate Short
141,IDFC,EQ,04-Dec-2017,60.9,61.2,61.4,59.4,59.85,59.65,60.2,3666345,220713482.25,7858,1353858,36.93,61.45357142857141,0.8562584723252015,63.16608837322181,59.741054483921005,Hold Buy/ Liquidate Short
142,IDFC,EQ,05-Dec-2017,59.65,59.7,60.4,58.65,59.8,59.7,59.47,4347407,258527353.85,7578,1471856,33.86,61.35999999999998,0.995744792759578,63.35148958551913,59.368510414480824,Hold Buy/ Liquidate Short
143,IDFC,EQ,06-Dec-2017,59.7,60.0,60.15,58.7,58.85,58.9,59.37,3812804,226381392.7,10690,1302436,34.16,61.28071428571427,1.1089597640319901,63.49863381377825,59.06279475765029,Hold Buy/ Liquidate Short
144,IDFC,EQ,07-Dec-2017,58.9,59.2,59.95,58.95,59.3,59.35,59.33,2767621,164212481.35,5857,872366,31.52,61.12857142857141,1.2227450652141802,63.57406155899977,58.68308129814305,Hold Buy/ Liquidate Short
145,IDFC,EQ,08-Dec-2017,59.35,59.55,60.15,59.2,59.55,59.8,59.67,3386884,202110621.55,7631,1392115,41.1,61.00714285714283,1.2799965659295152,63.56713598900186,58.4471497252838,Hold Buy/ Liquidate Short
146,IDFC,EQ,11-Dec-2017,59.8,59.75,60.4,59.55,59.75,59.75,59.9,3128856,187427188.0,7946,898289,28.71,60.91285714285711,1.3113435774129243,63.53554429768296,58.290169988031266,Hold Buy/ Liquidate Short
147,IDFC,EQ,12-Dec-2017,59.75,59.6,59.85,58.6,58.75,58.75,59.17,1571864,93008848.5,7929,594784,37.84,60.8085714285714,1.3911912833299882,63.590953995231374,58.02618886191142,Hold Buy/ Liquidate Short
148,IDFC,EQ,13-Dec-2017,58.75,58.75,59.0,57.5,57.8,57.8,58.47,2475692,144759958.55,7150,898663,36.3,60.646428571428544,1.525589959745044,63.69760849091863,57.595248651938455,Buy
149,IDFC,EQ,14-Dec-2017,57.8,58.1,58.15,56.7,57.25,57.3,57.31,3651336,209252030.2,7482,1085748,29.74,60.36999999999998,1.7548569961461942,63.87971399229237,56.86028600770759,Hold Buy/ Liquidate Short
150,IDFC,EQ,15-Dec-2017,57.3,58.5,58.7,57.5,57.7,57.95,58.07,4948562,287356487.95,9765,2484738,50.21,60.0492857142857,1.7339970024183395,63.51727971912238,56.581291709449026,Hold Buy/ Liquidate Short
151,IDFC,EQ,18-Dec-2017,57.95,57.95,59.15,56.15,58.4,58.3,58.01,3816317,221402861.75,13993,1205227,31.58,59.70857142857142,1.6211195426089868,62.95081051378939,56.46633234335344,Hold Buy/ Liquidate Short
152,IDFC,EQ,19-Dec-2017,58.3,58.4,59.3,57.95,58.5,58.5,58.44,3401784,198794047.35,8002,1774463,52.16,59.435714285714276,1.4733933324432162,62.38250095060071,56.488927620827845,Hold Buy/ Liquidate Short
153,IDFC,EQ,20-Dec-2017,58.5,58.5,59.0,58.3,58.35,58.5,58.55,6143934,359714538.9,12093,4344724,70.72,59.169999999999995,1.2398635160620546,61.649727032124105,56.690272967875885,Hold Buy/ Liquidate Short
154,IDFC,EQ,21-Dec-2017,58.5,58.45,60.5,58.4,60.1,60.15,59.51,17409092,1036096475.95,19850,9434592,54.19,58.96214285714285,0.8289305303679261,60.620003917878705,57.304281796407,Hold Short/ Liquidate Buy
155,IDFC,EQ,22-Dec-2017,60.15,60.35,61.65,59.8,60.85,60.95,60.95,12314687,750548895.95,23147,4909357,39.87,59.01571428571428,0.9328097694247689,60.88133382456382,57.150094746864745,Hold Short/ Liquidate Buy
156,IDFC,EQ,26-Dec-2017,60.95,60.9,61.45,60.25,60.45,60.45,60.67,4220291,256062510.85,13390,2169269,51.4,59.10142857142856,1.0280366436365789,61.15750185870172,57.045355284155406,Hold Short/ Liquidate Buy
157,IDFC,EQ,27-Dec-2017,60.45,60.55,62.6,60.2,61.55,61.85,61.6,16285136,1003114466.1,32521,9130725,56.07,59.26071428571428,1.2264612276208966,61.71363674095607,56.80779183047249,Hold Short/ Liquidate Buy
158,IDFC,EQ,28-Dec-2017,61.85,61.8,63.65,61.3,62.65,62.8,62.68,11575562,725589761.6,22166,6319785,54.6,59.499999999999986,1.5302036063620026,62.56040721272399,56.439592787275984,Short
159,IDFC,EQ,29-Dec-2017,62.8,63.1,64.4,61.9,62.9,62.9,63.09,8342027,526282342.4,18513,3041356,36.46,59.7442857142857,1.8073257519402992,63.358937218166304,56.1296342104051,Short
160,IDFC,EQ,01-Jan-2018,62.9,62.9,64.6,62.5,63.2,63.0,63.7,4893132,311707985.1,8784,1758849,35.95,60.01571428571428,2.0949672818657796,64.20564884944584,55.82577972198272,Hold Short/ Liquidate Buy
161,IDFC,EQ,02-Jan-2018,63.0,63.3,63.45,61.05,61.5,61.6,61.86,3672525,227182059.45,8419,1283848,34.96,60.207857142857144,2.1344218405476374,64.47670082395241,55.93901346176187,Hold Short/ Liquidate Buy
162,IDFC,EQ,03-Jan-2018,61.6,61.65,62.25,61.45,61.85,61.7,61.92,3375751,209034856.1,7429,1545017,45.77,60.45428571428571,2.117435728879208,64.68915717204413,56.219414256527294,Short
163,IDFC,EQ,04-Jan-2018,61.7,62.15,62.3,61.55,61.75,61.7,61.87,2888757,178739604.3,7291,1297451,44.91,60.77999999999999,1.9398334583551209,64.65966691671022,56.900333083289745,Short
164,IDFC,EQ,05-Jan-2018,61.7,61.75,64.9,61.65,64.0,64.45,63.6,10466801,665653092.55,23225,4127984,39.44,61.17499999999999,1.9083289105312407,64.99165782106247,57.358342178937505,Hold Short/ Liquidate Buy
165,IDFC,EQ,08-Jan-2018,64.45,64.6,67.4,64.5,66.5,66.65,66.21,18626347,1233175717.05,41336,4983318,26.75,61.76071428571428,2.109930601431531,65.98057548857734,57.540853082851214,Hold Short/ Liquidate Buy
166,IDFC,EQ,09-Jan-2018,66.65,67.05,67.2,64.9,65.1,65.2,66.1,10565784,698347796.6,23376,3487466,33.01,62.30785714285714,2.1747614495933574,66.65738004204385,57.95833424367042,Hold Short/ Liquidate Buy
167,IDFC,EQ,10-Jan-2018,65.2,65.5,65.5,62.9,63.9,63.95,63.96,7687631,491687136.9,15212,2111196,27.46,62.69428571428572,1.9215807366521298,66.53744718758998,58.85112424098146,Hold Short/ Liquidate Buy
168,IDFC,EQ,11-Jan-2018,63.95,63.75,66.2,63.25,65.7,65.55,65.14,27979336,1822673478.75,41300,12195971,43.59,63.096428571428575,1.7884226274864337,66.67327382640144,59.51958331645571,Hold Short/ Liquidate Buy
169,IDFC,EQ,12-Jan-2018,65.55,67.05,67.25,64.05,65.75,65.65,65.81,17597813,1158192615.9,32954,5162730,29.34,63.44357142857143,1.8112707275146935,67.06611288360082,59.821029973542046,Hold Short/ Liquidate Buy
170,IDFC,EQ,15-Jan-2018,65.65,67.55,67.8,63.6,63.85,63.95,65.53,25787744,1689933298.75,49749,7986913,30.97,63.79071428571429,1.701187206655354,67.193088699025,60.38833987240358,Hold Short/ Liquidate Buy
171,IDFC,EQ,16-Jan-2018,63.95,63.95,64.15,59.6,60.1,59.9,60.94,15936686,971136475.0,32447,6321184,39.66,63.74357142857143,1.774145979350035,67.2918633872715,60.19527946987136,Buy
172,IDFC,EQ,17-Jan-2018,59.9,60.0,61.9,59.3,61.7,61.7,61.1,12312793,752260654.1,27099,4426813,35.95,63.63071428571429,1.8932611843292666,67.41723665437283,59.84419191705576,Hold Buy/ Liquidate Short
173,IDFC,EQ,18-Jan-2018,61.7,62.45,62.65,58.2,58.95,58.9,60.44,14254621,861514876.8,31843,5803237,40.71,63.44142857142857,2.0752084497442818,67.59184547091714,59.291011671940005,Hold Buy/ Liquidate Short
174,IDFC,EQ,19-Jan-2018,58.9,59.0,59.35,57.45,57.95,58.0,58.32,19144603,1116480385.05,24521,10478747,54.73,63.05714285714286,2.4819205608418753,68.0209839788266,58.09330173545911,Hold Buy/ Liquidate Short
175,IDFC,EQ,22-Jan-2018,58.0,58.0,59.0,57.2,58.9,58.55,57.94,13107329,759453950.55,20863,7031811,53.65,62.777142857142856,2.824800683428637,68.42674422400013,57.12754149028558,Hold Buy/ Liquidate Short
176,IDFC,EQ,23-Jan-2018,58.55,58.55,59.05,57.85,58.2,58.2,58.36,6966923,406599385.05,13432,3216832,46.17,62.52285714285715,3.058464744509343,68.63978663187584,56.40592765383846,Hold Buy/ Liquidate Short
177,IDFC,EQ,24-Jan-2018,58.2,58.0,58.5,57.2,58.0,58.05,57.92,5884072,340791562.55,13415,2542915,43.22,62.24071428571428,3.296271703433617,68.83325769258151,55.64817087884705,Hold Buy/ Liquidate Short
178,IDFC,EQ,25-Jan-2018,58.05,58.05,58.45,56.25,56.45,56.6,56.85,29061223,1651988380.8,20752,16939847,58.29,61.75857142857143,3.5648710347648653,68.88831349810116,54.628829359041696,Hold Buy/ Liquidate Short
179,IDFC,EQ,29-Jan-2018,56.6,57.0,57.1,55.25,55.65,55.45,56.05,4809378,269552228.0,12007,1594944,33.16,61.03285714285714,3.6226561198432075,68.27816938254355,53.787544903170726,Hold Buy/ Liquidate Short
180,IDFC,EQ,30-Jan-2018,55.45,55.5,57.3,55.0,56.8,56.8,56.49,9060431,511826717.15,15833,3980712,43.94,60.34642857142857,3.4969472558061607,67.34032308304089,53.35253405981625,Hold Buy/ Liquidate Short
181,IDFC,EQ,31-Jan-2018,56.8,56.95,57.2,55.7,56.2,56.35,56.24,6053179,340439932.0,9814,3287536,54.31,59.794999999999995,3.4919704598274954,66.77894091965499,52.811059080345004,Hold Buy/ Liquidate Short
182,IDFC,EQ,01-Feb-2018,56.35,56.3,57.2,54.35,55.75,55.65,56.03,8902739,498785746.85,14251,2865189,32.18,59.14428571428571,3.260466493960941,65.6652187022076,52.62335272636383,Hold Buy/ Liquidate Short
183,IDFC,EQ,02-Feb-2018,55.65,55.1,55.15,52.05,52.1,52.45,53.38,8563202,457068322.45,16394,3365800,39.31,58.256428571428565,2.986604985708617,64.2296385428458,52.28321860001133,Buy
184,IDFC,EQ,05-Feb-2018,52.45,51.0,53.95,50.55,53.55,53.25,52.62,8944598,470681960.85,17393,4084979,45.67,57.33428571428571,2.525518116791488,62.38532194786869,52.283249480702736,Buy
185,IDFC,EQ,06-Feb-2018,53.25,50.0,52.2,49.3,51.75,51.7,50.93,16575076,844204344.45,23883,8881278,53.58,56.6192857142857,2.825348077360036,62.269981869005775,50.96858955956563,Hold Buy/ Liquidate Short
186,IDFC,EQ,07-Feb-2018,51.7,52.8,53.0,51.95,52.3,52.2,52.53,5199185,273109677.7,8918,2373706,45.66,56.007142857142846,2.705735869113414,61.418614595369675,50.595671118916016,Hold Buy/ Liquidate Short
187,IDFC,EQ,08-Feb-2018,52.2,52.2,54.0,52.2,53.85,53.8,53.21,5212917,277370088.05,8350,2062410,39.56,55.490714285714276,2.474688680609023,60.44009164693232,50.54133692449623,Hold Buy/ Liquidate Short
188,IDFC,EQ,09-Feb-2018,53.8,52.5,53.7,52.1,53.45,53.25,53.06,3014128,159944423.05,6866,977107,32.42,55.11499999999999,2.410559303117543,59.93611860623508,50.2938813937649,Hold Buy/ Liquidate Short
189,IDFC,EQ,12-Feb-2018,53.25,53.95,54.4,53.2,53.7,53.75,53.73,4772526,256426298.05,8317,2035732,42.66,54.8142857142857,2.2906489315198275,59.395583577325354,50.23298785124605,Buy
190,IDFC,EQ,14-Feb-2018,53.75,53.85,54.25,53.1,53.1,53.3,53.76,2503642,134587990.35,5986,975603,38.97,54.48571428571427,2.061365172313433,58.60844463034114,50.36298394108741,Buy
191,IDFC,EQ,15-Feb-2018,53.3,53.3,53.35,51.8,51.85,52.0,52.5,3626053,190358870.0,7053,1272071,35.08,54.09857142857142,1.866514057079441,57.8315995427303,50.365543314412534,Buy
192,IDFC,EQ,16-Feb-2018,52.0,52.2,52.6,51.35,51.8,51.75,51.75,2385375,123450349.55,4789,751069,31.49,53.734285714285704,1.7840736199269158,57.30243295413953,50.166138474431875,Hold Buy/ Liquidate Short
193,IDFC,EQ,19-Feb-2018,51.75,52.0,52.7,51.3,52.4,52.45,52.2,5454967,284728831.45,10889,2065437,37.86,53.45928571428571,1.6941231645614672,56.84753204340865,50.07103938516278,Hold Buy/ Liquidate Short
194,IDFC,EQ,20-Feb-2018,52.45,52.55,53.35,51.9,52.75,52.5,52.51,3760834,197487215.95,7272,1215764,32.33,53.175,1.464848377556957,56.10469675511391,50.24530324488608,Hold Buy/ Liquidate Short
195,IDFC,EQ,21-Feb-2018,52.5,52.85,52.85,52.1,52.3,52.5,52.39,2396417,125559905.85,4287,1106784,46.18,52.89999999999999,1.1786041287506959,55.25720825750138,50.5427917424986,Hold Buy/ Liquidate Short
196,IDFC,EQ,22-Feb-2018,52.5,52.2,52.75,51.35,51.8,51.6,51.74,9455616,489272473.7,19118,6777653,71.68,52.59357142857142,0.7986778222392129,54.19092707304985,50.996215784092996,Hold Buy/ Liquidate Short
197,IDFC,EQ,23-Feb-2018,51.6,51.75,53.3,51.75,53.25,53.0,52.65,2745351,144547933.1,7686,1128084,41.09,52.54142857142857,0.766569352002206,54.07456727543298,51.00828986742415,Short
198,IDFC,EQ,26-Feb-2018,53.0,53.4,53.95,52.85,53.45,53.4,53.4,4312482,230301077.2,10104,1631600,37.83,52.59714285714285,0.8003213640249722,54.19778558519279,50.99650012909291,Short
199,IDFC,EQ,27-Feb-2018,53.4,53.65,53.65,52.25,52.35,52.45,52.75,2203949,116261224.2,6722,887245,40.26,52.72714285714285,0.6405577926423057,54.00825844242746,51.44602727185824,Hold Buy/ Liquidate Short
200,IDFC,EQ,28-Feb-2018,52.45,52.3,53.0,51.75,53.0,52.95,52.55,3010224,158178656.45,10942,1520032,50.5,52.72857142857142,0.6401064471919973,54.008784322955414,51.44835853418743,Short
201,IDFC,EQ,01-Mar-2018,52.95,52.4,53.4,52.4,52.4,52.6,52.8,2756352,145535033.45,14027,1161910,42.15,52.6992857142857,0.6256008101232553,53.95048733453221,51.44808409403919,Short
202,IDFC,EQ,05-Mar-2018,52.6,52.4,52.55,50.65,51.1,51.25,51.45,3554389,182878240.55,9937,1864308,52.45,52.584285714285706,0.6979829652511076,53.98025164478792,51.18831978378349,Hold Buy/ Liquidate Short
203,IDFC,EQ,06-Mar-2018,51.25,51.55,51.9,49.65,49.9,50.1,50.97,1876131,95627046.0,9399,724001,38.59,52.38714285714285,0.7381101499147122,53.86336315697227,50.91092255731343,Hold Buy/ Liquidate Short
204,IDFC,EQ,07-Mar-2018,50.1,50.0,50.15,48.4,48.5,48.75,49.1,8142598,399830455.5,17036,4703145,57.76,52.054285714285705,1.0543661186174673,54.16301795152064,49.94555347705077,Hold Buy/ Liquidate Short
205,IDFC,EQ,08-Mar-2018,48.75,49.15,49.3,48.3,48.5,48.75,48.91,8399486,410826242.3,14326,5352722,63.73,51.79785714285713,1.3364486727688518,54.47075448839484,49.12495979731943,Hold Buy/ Liquidate Short
206,IDFC,EQ,09-Mar-2018,48.75,48.95,49.65,48.65,49.0,49.05,49.13,6917381,339836162.05,23279,4004814,57.89,51.61071428571427,1.5151565762488153,54.64102743821191,48.58040113321664,Hold Buy/ Liquidate Short
207,IDFC,EQ,12-Mar-2018,49.05,49.65,50.35,49.15,50.3,50.15,49.72,4213818,209523080.9,14714,2323002,55.13,51.43357142857142,1.5843543074164828,54.602280043404384,48.26486281373845,Hold Buy/ Liquidate Short
208,IDFC,EQ,13-Mar-2018,50.15,50.1,51.7,49.9,51.45,51.3,51.03,6765039,345205084.6,14501,3992090,59.01,51.32785714285713,1.5561302030330908,54.44011754892331,48.21559673679094,Hold Short/ Liquidate Buy
209,IDFC,EQ,14-Mar-2018,51.3,51.0,51.65,50.5,51.3,51.15,51.16,4679366,239393265.35,17022,2551122,54.52,51.23999999999999,1.5259801389978809,54.29196027799575,48.18803972200423,Hold Short/ Liquidate Buy
210,IDFC,EQ,15-Mar-2018,51.15,51.2,51.7,51.0,51.35,51.25,51.26,3283026,168295880.05,14007,1911338,58.22,51.20571428571427,1.5192595073094193,54.24423330033311,48.16719527109544,Hold Short/ Liquidate Buy
211,IDFC,EQ,16-Mar-2018,51.25,51.25,52.35,50.85,51.05,51.15,51.55,5568590,287076890.25,15258,2649770,47.58,51.127142857142836,1.4663425382771427,54.05982793369712,48.19445778058855,Hold Short/ Liquidate Buy
212,IDFC,EQ,19-Mar-2018,51.15,51.0,51.35,49.5,49.75,49.75,50.27,5470939,275051257.3,11861,2883494,52.71,50.90357142857141,1.3249418399014758,53.553455108374365,48.253687748768456,Hold Buy/ Liquidate Short
213,IDFC,EQ,20-Mar-2018,49.75,49.5,50.4,49.25,50.1,49.95,49.98,3077673,153829457.75,8248,1466221,47.64,50.70571428571427,1.2315325929398577,53.168779471593986,48.24264909983456,Hold Buy/ Liquidate Short
214,IDFC,EQ,21-Mar-2018,49.95,50.55,50.6,49.5,49.65,49.9,50.16,5313515,266501722.95,23934,2916580,54.89,50.53499999999998,1.116490035782073,52.767980071564125,48.30201992843584,Hold Buy/ Liquidate Short
215,IDFC,EQ,22-Mar-2018,49.9,50.3,52.7,50.0,51.0,51.0,51.41,16613488,854169157.1,36091,6675900,40.18,50.43571428571427,0.9487863850183911,52.33328705575105,48.53814151567749,Hold Buy/ Liquidate Short
216,IDFC,EQ,23-Mar-2018,51.0,50.0,50.95,48.9,49.25,49.3,50.06,8568135,428892514.35,9981,3865269,45.11,50.336428571428556,0.9062569438919176,52.14894245921239,48.52391468364472,Hold Buy/ Liquidate Short
217,IDFC,EQ,26-Mar-2018,49.3,49.35,49.4,48.4,49.1,49.05,48.85,7550976,368862215.05,7746,4460772,59.08,50.18499999999999,0.9673099097699474,52.119619819539885,48.25038018046009,Hold Buy/ Liquidate Short
218,IDFC,EQ,27-Mar-2018,49.05,49.45,50.65,49.0,49.65,49.65,49.51,4656238,230530009.05,8185,2270358,48.76,50.2142857142857,0.9376871241825944,52.08965996265089,48.33891146592051,Hold Buy/ Liquidate Short
219,IDFC,EQ,28-Mar-2018,49.65,49.35,50.05,48.3,48.75,48.75,48.97,15912485,779261350.9,13402,11273823,70.85,50.218571428571416,0.931383232227962,52.08133789302734,48.35580496411549,Hold Buy/ Liquidate Short
220,IDFC,EQ,02-Apr-2018,48.75,49.05,50.4,48.85,50.1,50.2,49.74,2605023,129573801.3,5981,808313,31.03,50.26214285714285,0.8898848548805253,52.041912566903896,48.4823731473818,Hold Buy/ Liquidate Short
221,IDFC,EQ,03-Apr-2018,50.2,49.9,52.0,49.65,51.8,51.85,51.12,4705178,240508677.9,11964,1609318,34.2,50.36214285714284,0.9028431891400054,52.16782923542285,48.556456478862835,Hold Buy/ Liquidate Short
222,IDFC,EQ,04-Apr-2018,51.85,52.0,52.45,50.5,50.7,50.75,51.52,3617688,186396297.95,7619,1271159,35.14,50.397142857142846,0.9394796315102568,52.27610212016336,48.518183594122334,Hold Buy/ Liquidate Short
223,IDFC,EQ,05-Apr-2018,50.75,51.6,52.75,51.2,52.5,52.4,52.17,2806868,146446423.5,6566,843543,30.05,50.469285714285704,1.0363505813542029,52.54198687699411,48.3965845515773,Short
224,IDFC,EQ,06-Apr-2018,52.4,52.45,52.9,51.95,52.7,52.7,52.53,2284274,119993479.4,5097,607231,26.58,50.55999999999999,1.159190699118889,52.878381398237764,48.24161860176221,Short
225,IDFC,EQ,09-Apr-2018,52.7,53.2,53.45,52.5,52.55,52.75,52.91,3996147,211431407.85,7336,1919156,48.03,50.657142857142844,1.297295580882198,53.25173401890724,48.062551695378446,Hold Short/ Liquidate Buy
226,IDFC,EQ,10-Apr-2018,52.75,53.0,53.0,51.95,52.5,52.55,52.53,1620798,85144759.45,5234,451356,27.85,50.81857142857142,1.3831839365024636,53.58493930157634,48.05220355556649,Hold Short/ Liquidate Buy
227,IDFC,EQ,11-Apr-2018,52.55,52.6,52.9,51.6,52.55,52.75,52.43,3494167,183189516.65,7314,507975,14.54,50.99357142857141,1.423330909915722,53.84023324840285,48.14690960873996,Hold Short/ Liquidate Buy
228,IDFC,EQ,12-Apr-2018,52.75,52.75,52.75,52.05,52.5,52.45,52.28,2202464,115136329.45,5613,1239843,56.29,51.14499999999998,1.4404953741951254,54.025990748390235,48.26400925160973,Hold Short/ Liquidate Buy
229,IDFC,EQ,13-Apr-2018,52.45,52.5,53.0,52.1,52.25,52.4,52.47,2070519,108648559.1,4675,875537,42.29,51.22071428571427,1.4827337760198485,54.18618183775397,48.255246733674575,Hold Short/ Liquidate Buy
230,IDFC,EQ,16-Apr-2018,52.4,52.1,52.75,52.05,52.45,52.5,52.4,1272932,66706177.35,4620,461167,36.23,51.38785714285713,1.4736880923069204,54.335233327470974,48.440480958243285,Hold Short/ Liquidate Buy
231,IDFC,EQ,17-Apr-2018,52.5,52.5,52.8,52.25,52.45,52.45,52.49,1122396,58914386.35,4142,281394,25.07,51.64785714285713,1.3026728650767223,54.25320287301057,49.04251141270368,Hold Short/ Liquidate Buy
232,IDFC,EQ,18-Apr-2018,52.45,52.75,54.1,52.6,53.25,53.2,53.51,5397119,288813400.75,15896,1670218,30.95,51.93357142857142,1.2345887334087942,54.40274889538901,49.46439396175383,Short
233,IDFC,EQ,19-Apr-2018,53.2,53.1,54.0,52.75,53.6,53.75,53.61,2522463,135236752.65,6911,1089008,43.17,52.264999999999986,0.9728842922744834,54.21076858454895,50.31923141545102,Short
234,IDFC,EQ,20-Apr-2018,53.75,53.45,54.2,52.95,53.9,53.9,53.71,3391940,182168407.1,8601,1549222,45.67,52.548571428571414,0.7280728740247594,54.004717176620936,51.09242568052189,Short
235,IDFC,EQ,23-Apr-2018,53.9,53.95,54.35,53.35,53.6,53.5,53.9,2673201,144088970.0,6448,1008483,37.73,52.74714285714284,0.6863888623296744,54.11992058180219,51.37436513248349,Short
236,IDFC,EQ,24-Apr-2018,53.5,53.65,53.7,52.95,53.2,53.1,53.21,1348020,71727032.7,6239,561155,41.63,52.86785714285713,0.5967241157605597,54.06130537437825,51.674408911336016,Short
237,IDFC,EQ,25-Apr-2018,53.1,52.9,53.35,52.3,52.3,52.45,52.78,2852170,150536837.3,10410,1337784,46.9,52.911428571428566,0.5631758455114908,54.03778026245155,51.78507688040558,Hold Buy/ Liquidate Short
238,IDFC,EQ,26-Apr-2018,52.45,53.7,56.35,53.25,55.5,55.4,55.47,22975625,1274454877.25,48707,5254750,22.87,53.12142857142857,0.8729512907628336,54.867331152954236,51.3755259899029,Hold Short/ Liquidate Buy
239,IDFC,EQ,27-Apr-2018,55.4,55.95,57.3,55.2,57.0,57.0,56.59,10854215,614202833.3,29414,3569416,32.89,53.38428571428572,1.2687226422105338,55.921730998706785,50.84684042986465,Hold Short/ Liquidate Buy
240,IDFC,EQ,30-Apr-2018,57.0,56.8,60.5,55.75,58.35,58.7,58.88,21816336,1284554268.7,41759,8864063,40.63,53.837857142857146,1.9118745475879972,57.661606238033144,50.01410804768115,Hold Short/ Liquidate Buy
241,IDFC,EQ,02-May-2018,58.7,58.6,59.2,57.15,57.7,57.45,58.03,3238360,187907200.9,14036,1052461,32.5,54.237857142857145,2.1638718096947707,58.56560076224669,49.9101135234676,Hold Short/ Liquidate Buy
242,IDFC,EQ,03-May-2018,57.45,57.6,57.65,55.5,56.7,56.75,56.46,4327977,244345155.95,34279,1850641,42.76,54.53642857142858,2.1613229821032154,58.85907453563501,50.21378260722215,Hold Short/ Liquidate Buy
243,IDFC,EQ,04-May-2018,56.75,56.25,57.0,55.9,56.7,56.5,56.46,2445391,138054912.7,7076,892594,36.5,54.82142857142858,2.1307270595264645,59.082882690481505,50.55997445237565,Hold Short/ Liquidate Buy
244,IDFC,EQ,07-May-2018,56.5,56.5,57.1,55.6,55.9,55.95,56.36,2756903,155391546.95,6116,1524379,55.29,55.10428571428572,2.045703618978999,59.19569295224372,51.01287847632773,Hold Buy/ Liquidate Short
245,IDFC,EQ,08-May-2018,55.95,55.9,57.1,55.8,56.2,56.2,56.42,3706880,209152896.7,26925,1547775,41.75,55.385000000000005,1.9254799601459236,59.235959920291855,51.534040079708156,Hold Buy/ Liquidate Short
246,IDFC,EQ,09-May-2018,56.2,56.25,56.5,54.6,54.8,55.05,55.38,3912623,216670894.35,16103,1740419,44.48,55.518571428571434,1.8487370206249025,59.21604546982124,51.82109738732163,Hold Buy/ Liquidate Short
247,IDFC,EQ,10-May-2018,55.05,55.1,55.2,53.3,53.5,53.55,54.11,3932508,212778608.7,7956,1834574,46.65,55.55428571428572,1.8135248902270398,59.1813354947398,51.92723593383164,Hold Buy/ Liquidate Short
248,IDFC,EQ,11-May-2018,53.55,53.8,55.35,53.6,54.75,54.7,54.76,4096305,224294736.3,11093,1655943,40.43,55.62928571428572,1.752055778378622,59.133397271042966,52.12517415752848,Hold Buy/ Liquidate Short
249,IDFC,EQ,14-May-2018,54.7,54.7,55.1,53.25,53.75,53.7,54.03,3447136,186248533.15,7219,1301055,37.74,55.63857142857143,1.742504197734211,59.12357982403985,52.15356303310301,Hold Buy/ Liquidate Short
250,IDFC,EQ,15-May-2018,53.7,53.85,55.0,51.2,52.7,52.8,53.15,3854278,204849285.45,9256,1506476,39.09,55.63428571428572,1.7489984575167792,59.13228262931928,52.136288799252156,Buy
251,IDFC,EQ,16-May-2018,52.8,52.7,53.4,51.3,51.95,51.95,52.08,5637280,293598678.8,14767,2698624,47.87,55.58428571428572,1.8442831181195285,59.272851950524775,51.895719478046665,Buy
252,IDFC,EQ,17-May-2018,51.95,52.15,52.6,50.2,51.7,51.75,50.94,8815572,449034026.8,11524,4197256,47.61,55.26071428571429,2.224141889101867,59.70899806391803,50.812430507510555,Buy
253,IDFC,EQ,18-May-2018,51.75,51.7,52.65,50.75,51.35,51.35,51.82,3750558,194364253.25,10285,1179026,31.44,54.92000000000001,2.36569716509184,59.65139433018369,50.188605669816326,Buy
254,IDFC,EQ,21-May-2018,51.35,51.35,51.8,49.55,49.75,49.8,50.21,4782772,240158877.55,11912,2492115,52.11,54.3007142857143,2.384051058712871,59.06881640314004,49.53261216828856,Hold Buy/ Liquidate Short
255,IDFC,EQ,22-May-2018,49.8,50.0,51.2,49.45,51.15,51.0,50.65,2712981,137404008.35,5895,1477646,54.47,53.77357142857144,2.31080940579067,58.39519024015278,49.151952616990094,Hold Buy/ Liquidate Short
256,IDFC,EQ,23-May-2018,51.0,51.0,51.2,49.8,50.0,50.0,50.32,2171386,109254816.75,4172,1031100,47.49,53.335000000000015,2.3441473765694543,58.02329475313893,48.6467052468611,Hold Buy/ Liquidate Short
257,IDFC,EQ,24-May-2018,50.0,50.4,50.45,49.0,49.55,49.6,49.63,2769415,137435722.2,7349,1461972,52.79,52.84714285714286,2.354450543680606,57.556043944504076,48.13824176978165,Hold Buy/ Liquidate Short
258,IDFC,EQ,25-May-2018,49.6,49.75,51.4,49.5,51.4,51.2,50.77,1740317,88356093.85,4911,699242,40.18,52.44785714285715,2.1804557694752518,56.808768681807656,48.08694560390665,Hold Buy/ Liquidate Short
259,IDFC,EQ,28-May-2018,51.2,51.6,52.7,51.25,52.7,52.4,52.18,2208871,115268498.3,4901,516766,23.4,52.145,1.8567289268207314,55.85845785364147,48.43154214635854,Hold Buy/ Liquidate Short
260,IDFC,EQ,29-May-2018,52.4,52.7,52.8,51.4,51.55,51.65,52.16,1421430,74145872.5,5641,488380,34.36,51.915000000000006,1.6079406322758438,55.1308812645517,48.699118735448316,Hold Buy/ Liquidate Short
261,IDFC,EQ,30-May-2018,51.65,51.25,52.0,50.6,51.0,51.1,51.23,2067430,105908232.9,8056,446627,21.6,51.70928571428572,1.4850509666765475,54.67938764763881,48.73918378093263,Hold Short/ Liquidate Buy
262,IDFC,EQ,31-May-2018,51.1,51.0,51.4,49.8,50.8,50.65,50.67,8949967,453539434.4,12764,5043989,56.36,51.417142857142856,1.2168144322935803,53.85077172173002,48.98351399255569,Hold Buy/ Liquidate Short
263,IDFC,EQ,01-Jun-2018,50.65,50.85,51.6,49.25,49.5,49.35,50.15,3528318,176940403.1,10207,1067876,30.27,51.14,0.998136725643094,53.136273451286186,49.143726548713815,Hold Buy/ Liquidate Short
264,IDFC,EQ,04-Jun-2018,49.35,49.75,49.75,47.7,47.85,47.85,48.47,3551731,172153320.6,8658,1354401,38.13,50.805714285714295,1.0552412358956933,52.91619675750568,48.69523181392291,Hold Buy/ Liquidate Short
265,IDFC,EQ,05-Jun-2018,47.85,48.0,48.1,45.7,46.5,46.25,46.66,7919888,369506821.0,17143,3107774,39.24,50.41857142857143,1.4660457393583397,53.35066290728811,47.486479949854754,Hold Buy/ Liquidate Short
266,IDFC,EQ,06-Jun-2018,46.25,46.8,48.75,46.75,48.35,48.3,47.94,6244843,299405497.3,18895,1199631,19.21,50.20428571428571,1.5973377576732342,53.39896122963218,47.00961019893924,Hold Buy/ Liquidate Short
267,IDFC,EQ,07-Jun-2018,48.3,48.75,49.75,48.25,49.45,49.5,49.25,3254843,160304237.4,9925,836670,25.71,50.02071428571428,1.544162527743944,53.10903934120216,46.93238923022639,Hold Buy/ Liquidate Short
268,IDFC,EQ,08-Jun-2018,49.5,49.3,50.15,48.9,50.05,50.0,49.6,2648835,131371541.0,10430,1002932,37.86,49.977142857142844,1.5470141393191608,53.071171135781164,46.883114578504525,Hold Buy/ Liquidate Short
269,IDFC,EQ,11-Jun-2018,50.0,50.1,51.4,49.7,50.7,50.65,50.75,3600383,182716969.05,10388,1785781,49.6,49.984285714285704,1.5505865604084597,53.08545883510262,46.88311259346879,Hold Buy/ Liquidate Short
270,IDFC,EQ,12-Jun-2018,50.65,50.7,51.15,50.05,50.8,50.75,50.65,1979640,100262635.5,8111,795723,40.2,50.00785714285713,1.5585702450617565,53.12499763298064,46.890716652733616,Hold Buy/ Liquidate Short
271,IDFC,EQ,13-Jun-2018,50.75,50.65,51.4,50.45,50.55,50.65,50.95,1596708,81347698.0,4908,612816,38.38,50.102142857142844,1.5738056696158316,53.24975419637451,46.95453151791118,Hold Buy/ Liquidate Short
272,IDFC,EQ,14-Jun-2018,50.65,50.55,51.0,49.95,50.75,50.8,50.57,1267083,64071324.65,5483,455630,35.96,50.08785714285714,1.5681747281545602,53.22420659916626,46.95150768654802,Hold Buy/ Liquidate Short
273,IDFC,EQ,15-Jun-2018,50.8,51.0,51.0,49.65,49.8,50.1,50.22,4027258,202242635.65,16295,2600798,64.58,49.94785714285714,1.4500725635502187,52.848002269957576,47.0477120157567,Hold Buy/ Liquidate Short
274,IDFC,EQ,18-Jun-2018,50.1,50.0,50.0,49.25,49.6,49.55,49.59,1717764,85180476.45,5275,779131,45.36,49.76428571428572,1.303779796684408,52.37184530765454,47.1567261209169,Hold Buy/ Liquidate Short
275,IDFC,EQ,19-Jun-2018,49.55,49.0,50.0,48.1,48.95,48.6,48.62,3298088,160343236.95,12042,1801917,54.64,49.57785714285715,1.2640726523148775,52.1060024474869,47.049711838227395,Hold Buy/ Liquidate Short
276,IDFC,EQ,20-Jun-2018,48.6,48.7,49.25,48.1,49.0,49.05,48.72,1348461,65690918.65,3919,399564,29.63,49.438571428571436,1.241710093397274,51.92199161536598,46.95515124177689,Hold Buy/ Liquidate Short
277,IDFC,EQ,21-Jun-2018,49.05,49.1,49.45,48.35,49.0,48.95,48.97,2544969,124626410.55,5451,887349,34.87,49.35428571428572,1.2296948607480507,51.813675435781825,46.89489599278962,Hold Buy/ Liquidate Short
278,IDFC,EQ,22-Jun-2018,48.95,49.1,49.25,48.15,48.35,48.4,48.59,1537084,74693208.2,3599,440202,28.64,49.36285714285715,1.2234593361667003,51.809775815190555,46.91593847052375,Hold Buy/ Liquidate Short
279,IDFC,EQ,25-Jun-2018,48.4,48.3,48.9,48.1,48.15,48.3,48.56,3264446,158509018.4,5196,1587562,48.63,49.49857142857144,0.9821628968988065,51.46289722236905,47.534245634773825,Hold Buy/ Liquidate Short
280,IDFC,EQ,26-Jun-2018,48.3,48.2,48.95,47.4,47.85,47.95,48.27,4520103,218164835.7,7444,2170732,48.02,49.52214285714287,0.9451428754139509,51.41242860797077,47.63185710631497,Hold Buy/ Liquidate Short
281,IDFC,EQ,27-Jun-2018,47.95,47.95,47.95,45.55,45.6,45.95,46.21,9976821,461070129.65,22899,6039851,60.54,49.305000000000014,1.29641369228313,51.89782738456628,46.71217261543375,Hold Buy/ Liquidate Short
282,IDFC,EQ,28-Jun-2018,45.95,45.9,47.55,45.15,46.3,46.5,46.52,54313430,2526799307.25,28658,32910659,60.59,49.085000000000015,1.4894642815974424,52.0639285631949,46.10607143680513,Hold Buy/ Liquidate Short
283,IDFC,EQ,29-Jun-2018,46.5,46.5,46.85,44.25,46.15,46.2,45.62,7770039,354472728.75,11266,2838082,36.53,48.718571428571444,1.6685961724797194,52.055763773530884,45.381379083612,Hold Buy/ Liquidate Short
284,IDFC,EQ,02-Jul-2018,46.2,46.25,46.85,45.25,45.65,45.8,45.99,11185403,514377906.05,8582,7083069,63.32,48.3857142857143,1.7177432166195798,51.82120071895346,44.95022785247514,Hold Buy/ Liquidate Short
285,IDFC,EQ,03-Jul-2018,45.8,45.7,46.6,45.35,46.6,46.4,46.09,2122740,97847361.1,3520,709971,33.45,48.038571428571444,1.6493815024609062,51.337334433493254,44.739808423649635,Hold Buy/ Liquidate Short
286,IDFC,EQ,04-Jul-2018,46.4,46.3,46.45,45.45,45.55,45.6,45.93,3798972,174500253.5,7296,2160500,56.87,47.70714285714286,1.565642795352203,50.83842844784727,44.575857266438454,Hold Buy/ Liquidate Short
287,IDFC,EQ,05-Jul-2018,45.6,45.85,45.9,43.85,44.35,44.15,44.43,5669048,251879736.0,10259,2781570,49.07,47.29357142857143,1.61475698168209,50.52308539193561,44.064057465207256,Hold Buy/ Liquidate Short
288,IDFC,EQ,06-Jul-2018,44.15,44.05,45.15,44.0,44.7,44.7,44.47,2346497,104357909.95,4636,845158,36.02,46.92785714285714,1.6343249774353672,50.196507097727874,43.65920718798641,Hold Buy/ Liquidate Short
289,IDFC,EQ,09-Jul-2018,44.7,45.45,45.9,45.0,45.9,45.7,45.5,1524873,69374325.1,3301,402882,26.42,46.705,1.598156389767551,49.901312779535104,43.50868722046489,Hold Buy/ Liquidate Short
290,IDFC,EQ,10-Jul-2018,45.7,46.2,47.2,45.8,46.6,46.6,46.55,2129913,99153843.25,4476,557095,26.16,46.55,1.4892124919415868,49.52842498388317,43.571575016116824,Hold Buy/ Liquidate Short
291,IDFC,EQ,11-Jul-2018,46.6,46.7,47.0,45.45,45.6,45.65,45.96,2077298,95462734.05,5956,739767,35.61,46.334999999999994,1.320703483870902,48.976406967741795,43.69359303225819,Hold Buy/ Liquidate Short
292,IDFC,EQ,12-Jul-2018,45.65,45.85,46.35,44.95,45.95,46.0,45.8,1459049,66827419.05,4129,263047,18.03,46.13571428571428,1.1542744260142463,48.44426313774277,43.827165433685785,Hold Buy/ Liquidate Short
293,IDFC,EQ,13-Jul-2018,46.0,46.9,46.9,44.8,45.0,45.05,45.61,4653974,212246539.95,12293,1055473,22.68,45.92499999999999,0.923960954886588,47.77292190977317,44.07707809022681,Buy
294,IDFC,EQ,16-Jul-2018,45.05,45.1,45.2,43.0,43.4,43.1,43.51,3408202,148294199.1,8652,1558003,45.71,45.58499999999999,0.8688166133847968,47.32263322676958,43.84736677323039,Buy
295,IDFC,EQ,17-Jul-2018,43.1,43.15,45.8,43.15,45.65,45.6,44.87,3961402,177756377.55,11747,1141421,28.81,45.4892857142857,0.8684775740941302,47.22624086247396,43.75233056609744,Hold Buy/ Liquidate Short
296,IDFC,EQ,18-Jul-2018,45.6,45.95,45.95,43.9,44.3,44.35,44.72,2825851,126360733.8,4571,1042108,36.88,45.36071428571427,0.8368113865767101,47.03433705886769,43.687091512560855,Buy
297,IDFC,EQ,19-Jul-2018,44.35,44.5,45.65,43.55,44.9,44.75,44.75,4095017,183267128.65,6264,989294,24.16,45.298571428571414,0.8483001749465412,46.995171778464496,43.60197107867833,Buy
298,IDFC,EQ,20-Jul-2018,44.75,44.9,45.1,44.05,44.25,44.2,44.31,2121882,94010924.65,4774,677595,31.93,45.17857142857141,0.861687585210934,46.90194659899328,43.45519625814954,Buy
299,IDFC,EQ,23-Jul-2018,44.2,43.8,44.25,42.9,43.95,43.95,43.74,2820649,123377843.5,5283,1041566,36.93,45.010714285714265,0.8985840509960491,46.807882387706364,43.213546183722165,Hold Buy/ Liquidate Short
300,IDFC,EQ,24-Jul-2018,43.95,44.0,46.7,43.9,45.95,45.5,45.41,5357355,243302614.75,13212,1474513,27.52,44.97357142857141,0.867885202821146,46.7093418342137,43.23780102292912,Hold Buy/ Liquidate Short
301,IDFC,EQ,25-Jul-2018,45.5,45.6,46.0,44.85,45.35,45.35,45.48,2153853,97947740.85,4972,432959,20.1,45.048571428571414,0.8626511652853672,46.77387375914215,43.32326909800068,Hold Buy/ Liquidate Short
302,IDFC,EQ,26-Jul-2018,45.35,45.55,46.0,44.9,45.75,45.3,45.37,11424935,518326491.1,7935,7473070,65.41,45.11285714285713,0.8496553923300004,46.81216792751713,43.41354635819713,Buy
303,IDFC,EQ,27-Jul-2018,45.3,45.5,48.65,45.5,47.65,47.8,47.69,6855422,326956962.5,17612,1257936,18.35,45.269285714285694,1.09312863825872,47.45554299080313,43.083028437768256,Hold Buy/ Liquidate Short
304,IDFC,EQ,30-Jul-2018,47.8,47.8,49.4,47.8,48.4,48.45,48.76,5965347,290882122.5,37191,1702894,28.55,45.42714285714284,1.4068537104612162,48.240850278065274,42.613435436220406,Hold Buy/ Liquidate Short
305,IDFC,EQ,31-Jul-2018,48.45,48.0,48.7,46.25,46.65,46.75,47.07,7198636,338861192.95,16871,2345634,32.58,45.50642857142856,1.4690949968913618,48.44461856521128,42.568238577645836,Hold Buy/ Liquidate Short
306,IDFC,EQ,01-Aug-2018,46.75,47.0,47.15,45.85,46.2,46.4,46.4,2030046,94201264.95,7260,648170,31.93,45.5492857142857,1.4869610945496896,48.52320790338508,42.575363525186326,Hold Buy/ Liquidate Short
307,IDFC,EQ,02-Aug-2018,46.4,46.35,47.5,45.25,46.85,46.8,46.47,2398500,111470127.15,7769,597840,24.93,45.61071428571427,1.5072872437481653,48.625288773210606,42.59613979821794,Hold Buy/ Liquidate Short
308,IDFC,EQ,03-Aug-2018,46.8,47.6,47.6,46.75,47.05,46.95,47.05,2558317,120367065.4,6469,1117959,43.7,45.86357142857141,1.4223036954880184,48.70817881954745,43.018964037595374,Hold Buy/ Liquidate Short
309,IDFC,EQ,06-Aug-2018,46.95,48.0,51.4,48.0,49.8,50.1,50.32,18121383,911944118.05,44463,3278800,18.09,46.25285714285713,1.8197482013961548,49.89235354564944,42.61336074006482,Hold Buy/ Liquidate Short
310,IDFC,EQ,07-Aug-2018,50.1,49.8,50.25,48.85,49.0,49.05,49.34,4356494,214952996.3,15863,1381541,31.71,46.58285714285713,1.9356073527905406,50.45407184843821,42.71164243727605,Hold Buy/ Liquidate Short
311,IDFC,EQ,08-Aug-2018,49.05,49.4,49.65,48.45,48.8,48.85,49.13,4808830,236268762.95,10680,1863304,38.75,46.89571428571428,1.970235106180813,50.8361844980759,42.95524407335265,Hold Buy/ Liquidate Short
312,IDFC,EQ,09-Aug-2018,48.85,49.25,50.0,48.65,49.35,49.4,49.26,3092224,152325925.75,10435,806788,26.09,47.2492857142857,1.9138662612457995,51.0770182367773,43.4215531917941,Hold Buy/ Liquidate Short
313,IDFC,EQ,10-Aug-2018,49.4,50.25,51.15,49.15,49.7,49.9,50.32,6578865,331076973.4,18153,1538783,23.39,47.719285714285704,1.7896947066072453,51.298675127500196,44.13989630107121,Hold Buy/ Liquidate Short
314,IDFC,EQ,13-Aug-2018,49.9,49.4,50.1,48.55,49.55,49.4,49.3,3063507,151033224.55,5850,503005,16.42,47.99714285714284,1.7034825350597422,51.404107927262324,44.59017778702336,Hold Buy/ Liquidate Short
315,IDFC,EQ,14-Aug-2018,49.4,49.8,50.45,48.5,50.1,49.9,49.46,2178472,107749631.95,5734,518770,23.81,48.281428571428556,1.5786209032078409,51.43867037784424,45.12418676501287,Hold Buy/ Liquidate Short
316,IDFC,EQ,16-Aug-2018,49.9,49.95,50.5,49.55,49.9,49.9,50.06,2836010,141968780.05,8275,644323,22.72,48.61642857142856,1.4008876699211132,51.41820391127078,45.814653231586334,Hold Buy/ Liquidate Short
317,IDFC,EQ,17-Aug-2018,49.9,50.5,52.45,49.3,52.2,52.1,51.62,6004050,309958847.35,18116,1555626,25.91,48.89714285714284,1.5828962188220506,52.06293529478694,45.73135041949874,Hold Buy/ Liquidate Short
318,IDFC,EQ,20-Aug-2018,52.1,52.55,53.05,52.1,52.45,52.5,52.51,4004116,210236988.5,9843,1251245,31.25,49.16499999999998,1.8522699171974155,52.86953983439481,45.46046016560515,Hold Buy/ Liquidate Short
319,IDFC,EQ,21-Aug-2018,52.5,52.45,53.25,51.6,52.6,52.8,52.48,4187561,219758793.75,14097,1162413,27.76,49.55142857142855,1.9436557828479895,53.43874013712453,45.66411700573257,Hold Buy/ Liquidate Short
320,IDFC,EQ,23-Aug-2018,52.8,52.8,53.0,51.3,51.75,51.75,51.97,2570326,133591303.55,8783,618211,24.05,49.94928571428569,1.8147534873312139,53.57879268894812,46.31977873962327,Hold Buy/ Liquidate Short
321,IDFC,EQ,24-Aug-2018,51.75,51.7,51.85,50.85,51.25,51.45,51.32,3280051,168321816.5,7880,1149695,35.05,50.29571428571427,1.5418905193388137,53.3794953243919,47.21193324703664,Hold Short/ Liquidate Buy
322,IDFC,EQ,27-Aug-2018,51.45,51.6,51.8,50.7,51.2,51.25,51.22,5102554,261360955.65,11362,2275257,44.59,50.593571428571416,1.2398548745279099,53.07328117762724,48.113861679515594,Hold Buy/ Liquidate Short
323,IDFC,EQ,28-Aug-2018,51.25,51.0,51.9,50.5,51.2,51.25,51.35,2837395,145698564.3,7158,793925,27.98,50.66714285714284,1.2528639718136332,53.172870800770106,48.16141491351558,Hold Buy/ Liquidate Short
324,IDFC,EQ,29-Aug-2018,51.25,51.25,53.15,51.2,52.75,52.75,52.51,4241179,222706854.8,13693,1617992,38.15,50.89357142857141,1.2807065786743723,53.45498458592016,48.33215827122267,Hold Short/ Liquidate Buy
325,IDFC,EQ,30-Aug-2018,52.75,52.55,53.55,52.2,53.2,52.85,52.9,10481423,554432858.4,17718,6243771,59.57,51.16285714285713,1.2777108651590565,53.718278873175244,48.60743541253901,Short
326,IDFC,EQ,31-Aug-2018,52.85,52.95,53.35,51.65,52.7,52.65,52.55,2803934,147358900.85,10166,832448,29.69,51.39785714285712,1.201064774858966,53.799986692575054,48.995727593139186,Short
327,IDFC,EQ,03-Sep-2018,52.65,52.65,53.3,52.0,52.3,52.2,52.73,1943501,102482803.8,5841,560790,28.85,51.56999999999998,1.2073875166594292,53.98477503331884,49.15522496668112,Hold Short/ Liquidate Buy
328,IDFC,EQ,04-Sep-2018,52.2,52.2,52.35,49.75,49.95,50.0,50.59,4125682,208714509.3,11837,1592065,38.59,51.66214285714284,1.0611980064020126,53.784538869946864,49.539746844338815,Hold Buy/ Liquidate Short
329,IDFC,EQ,05-Sep-2018,50.0,49.55,50.5,48.85,49.9,49.9,49.65,2496920,123970706.3,9514,568345,22.76,51.675714285714264,1.0316731316409509,53.739060548996164,49.61236802243236,Hold Buy/ Liquidate Short
330,IDFC,EQ,06-Sep-2018,49.9,50.05,50.3,49.0,49.75,49.95,49.69,2460060,122247687.85,7178,730302,29.69,51.64928571428569,1.0798608477715317,53.80900740982875,49.48956401874263,Hold Buy/ Liquidate Short
331,IDFC,EQ,07-Sep-2018,49.95,49.95,50.85,49.35,50.6,50.55,50.17,1850734,92842090.6,6558,545280,29.46,51.54571428571426,1.1501352046656954,53.84598469504565,49.24544387638287,Hold Buy/ Liquidate Short
332,IDFC,EQ,10-Sep-2018,50.55,50.55,50.85,49.55,49.95,49.9,50.05,2399604,120102067.8,7433,1130958,47.13,51.36999999999997,1.1790348073417978,53.72806961468356,49.011930385316376,Hold Buy/ Liquidate Short
333,IDFC,EQ,11-Sep-2018,49.9,49.6,50.35,49.0,49.1,49.2,49.63,3005719,149175038.3,12839,1462186,48.65,51.16642857142854,1.2180350326077651,53.60249863664407,48.73035850621301,Hold Buy/ Liquidate Short
334,IDFC,EQ,12-Sep-2018,49.2,49.4,50.05,48.55,49.6,49.65,49.46,4069834,201293651.7,18550,1662446,40.85,50.98714285714283,1.2740935152942128,53.53532988773125,48.438955826554405,Hold Buy/ Liquidate Short
335,IDFC,EQ,14-Sep-2018,49.65,50.45,51.35,49.9,51.05,50.9,50.24,5081577,255273638.1,7219,3558770,70.03,50.90999999999997,1.2850381616604099,53.48007632332079,48.33992367667915,Hold Buy/ Liquidate Short
336,IDFC,EQ,17-Sep-2018,50.9,50.8,50.9,49.8,49.95,49.95,50.14,3017175,151282285.95,5597,1472702,48.81,50.83285714285711,1.2973548744773604,53.42756689181183,48.23814739390239,Hold Buy/ Liquidate Short
337,IDFC,EQ,18-Sep-2018,49.95,50.15,50.15,48.75,48.85,49.05,49.31,2618602,129119052.4,9239,1103673,42.15,50.687142857142824,1.348363273188658,53.38386940352014,47.99041631076551,Hold Buy/ Liquidate Short
338,IDFC,EQ,19-Sep-2018,49.05,49.3,49.4,47.6,47.9,48.0,48.2,3163265,152461669.95,7566,1282176,40.53,50.379285714285686,1.391493189600238,53.16227209348616,47.59629933508521,Hold Buy/ Liquidate Short
339,IDFC,EQ,21-Sep-2018,48.0,48.05,48.4,40.8,44.5,44.5,44.86,12738808,571496311.35,29354,5196322,40.79,49.80499999999997,1.8535319714618868,53.512063942923746,46.0979360570762,Hold Buy/ Liquidate Short
340,IDFC,EQ,24-Sep-2018,44.5,44.5,44.9,42.7,43.0,43.0,43.4,5078440,220415289.9,12323,2203991,43.4,49.151428571428546,2.3561926822831474,53.86381393599484,44.43904320686225,Hold Buy/ Liquidate Short
341,IDFC,EQ,25-Sep-2018,43.0,42.9,43.6,40.65,41.75,41.85,42.01,6064001,254778776.5,18013,1868357,30.81,48.38571428571426,2.8032500760745163,53.99221443786329,42.779214133565226,Hold Buy/ Liquidate Short
342,IDFC,EQ,26-Sep-2018,41.85,42.0,42.8,41.2,42.3,42.4,42.26,2392382,101109234.45,8799,651859,27.25,47.79071428571426,3.1606461469033387,54.11200657952094,41.46942199190758,Hold Buy/ Liquidate Short
343,IDFC,EQ,27-Sep-2018,42.4,42.5,42.6,39.8,40.3,40.2,40.79,8895419,362862891.7,15100,2697245,30.32,47.15785714285711,3.614201004523659,54.386259151904426,39.929455133809796,Hold Buy/ Liquidate Short
344,IDFC,EQ,28-Sep-2018,40.2,40.5,41.4,39.1,39.6,39.75,40.06,6663168,266902097.9,13032,2289617,34.36,46.46999999999996,3.9918725122237007,54.453745024447365,38.48625497555256,Hold Short/ Liquidate Buy
345,IDFC,EQ,01-Oct-2018,39.75,39.5,41.2,38.35,40.6,40.75,39.82,4180343,166459457.5,8144,1006353,24.07,45.73071428571426,4.20655617282902,54.1438266313723,37.317601940056214,Hold Short/ Liquidate Buy
346,IDFC,EQ,03-Oct-2018,40.75,40.75,42.25,40.15,40.65,40.65,41.1,4684249,192505064.15,8038,1871660,39.96,45.091428571428544,4.179640870002944,53.450710311434435,36.732146831422654,Hold Short/ Liquidate Buy
347,IDFC,EQ,04-Oct-2018,40.65,40.0,40.6,38.9,39.5,39.95,39.73,5523302,219462272.25,10881,2026951,36.7,44.38428571428569,4.190169290293643,52.764624294872974,36.003947133698404,Hold Short/ Liquidate Buy
348,IDFC,EQ,05-Oct-2018,39.95,39.7,40.3,37.8,37.85,38.45,39.26,3519610,138165775.25,7367,1402871,39.86,43.65571428571426,4.126012629619735,51.90773954495373,35.403689026474794,Hold Buy/ Liquidate Short
349,IDFC,EQ,08-Oct-2018,38.45,38.2,38.95,36.35,37.2,37.15,37.68,4759034,179301144.5,8665,1178322,24.76,42.75857142857139,3.9457861791321163,50.65014378683563,34.86699907030716,Hold Buy/ Liquidate Short
350,IDFC,EQ,09-Oct-2018,37.15,37.3,37.7,35.55,36.9,36.7,36.7,5174363,189896989.95,11010,1294884,25.02,41.7985714285714,3.6344333113302634,49.067438051231925,34.529704805910875,Hold Buy/ Liquidate Short
351,IDFC,EQ,10-Oct-2018,36.7,36.6,39.7,36.6,39.5,39.2,38.9,6253178,243257488.35,13768,3026720,48.4,41.054999999999964,2.9866105048522735,47.02822100970451,35.08177899029542,Hold Buy/ Liquidate Short
352,IDFC,EQ,11-Oct-2018,39.2,39.0,39.0,36.8,37.25,37.3,37.67,3828446,144210943.25,6524,702032,18.34,40.3028571428571,2.2945602178649236,44.891977578586946,35.713736707127254,Hold Buy/ Liquidate Short
353,IDFC,EQ,12-Oct-2018,37.3,37.65,39.0,37.65,38.9,38.75,38.57,2127108,82050170.25,5504,564376,26.53,39.85357142857139,1.918619724790048,43.69081087815149,36.016331978991296,Hold Buy/ Liquidate Short
354,IDFC,EQ,15-Oct-2018,38.75,39.9,39.9,38.0,39.2,38.8,38.61,3147904,121529514.95,18084,997995,31.7,39.51142857142854,1.6451507162332293,42.801730003894995,36.22112713896208,Hold Buy/ Liquidate Short
355,IDFC,EQ,16-Oct-2018,38.8,39.0,39.5,38.65,39.5,39.3,39.15,1622465,63526369.5,6583,474376,29.24,39.30714285714282,1.4803400262806,42.26782290970402,36.34646280458162,Hold Short/ Liquidate Buy
356,IDFC,EQ,17-Oct-2018,39.3,40.0,40.0,37.1,37.45,37.65,38.4,3085392,118465297.6,5418,824914,26.74,39.031428571428535,1.2256104108250558,41.482649393078646,36.580207749778424,Hold Short/ Liquidate Buy
357,IDFC,EQ,19-Oct-2018,37.65,37.1,37.85,36.6,37.25,37.2,37.21,2965719,110354761.4,7947,641156,21.62,38.77571428571425,1.2037487233691684,41.18321173245259,36.36821683897591,Hold Short/ Liquidate Buy
358,IDFC,EQ,22-Oct-2018,37.2,37.45,37.8,36.2,36.85,36.95,37.03,3460668,128149601.05,5819,783465,22.64,38.55928571428568,1.2272387034178693,41.013763121121414,36.10480830744994,Hold Short/ Liquidate Buy
359,IDFC,EQ,23-Oct-2018,36.95,36.7,37.4,35.35,35.95,35.95,36.17,3576666,129384680.25,6628,879675,24.59,38.298571428571385,1.3227934145528486,40.94415825767708,35.65298459946569,Hold Buy/ Liquidate Short
360,IDFC,EQ,24-Oct-2018,35.95,36.25,36.75,35.75,36.35,36.2,36.23,3128717,113367808.55,6101,1163429,37.19,37.95071428571424,1.1597112656960031,40.27013681710625,35.631291754322234,Hold Buy/ Liquidate Short
361,IDFC,EQ,25-Oct-2018,36.2,35.5,36.45,35.1,35.3,35.3,35.68,2527707,90196734.8,6028,655029,25.91,37.66142857142852,1.1865519350232965,40.034532441475115,35.28832470138193,Hold Buy/ Liquidate Short
362,IDFC,EQ,26-Oct-2018,35.3,35.3,35.6,34.25,35.3,35.35,35.05,2381818,83491087.4,6010,590116,24.78,37.36071428571423,1.2800508660917687,39.92081601789777,34.80061255353069,Hold Buy/ Liquidate Short
363,IDFC,EQ,29-Oct-2018,35.35,35.5,36.2,34.65,36.15,35.95,35.52,2983667,105987428.0,7022,1344251,45.05,37.206428571428525,1.3659012642714508,39.938231099971425,34.474626042885625,Hold Buy/ Liquidate Short
364,IDFC,EQ,30-Oct-2018,35.95,36.0,36.8,35.8,36.3,36.05,36.25,3537533,128222187.35,11249,1242966,35.14,37.17428571428566,1.3839114816392981,39.942108677564256,34.40646275100706,Hold Buy/ Liquidate Short
365,IDFC,EQ,31-Oct-2018,36.05,36.0,36.95,35.0,36.75,36.8,35.91,4420988,158778868.5,8586,574429,12.99,36.96071428571423,1.3266352132417947,39.61398471219782,34.307443859230645,Hold Buy/ Liquidate Short
366,IDFC,EQ,01-Nov-2018,36.8,36.95,37.05,36.25,36.85,36.75,36.62,2923844,107077823.65,9243,990408,33.87,36.885714285714236,1.313062856810818,39.51183999933587,34.2595885720926,Hold Buy/ Liquidate Short
367,IDFC,EQ,02-Nov-2018,36.75,37.0,38.55,36.95,38.25,38.0,37.85,3773002,142811008.75,8960,1140004,30.21,36.83428571428566,1.2548289143934048,39.34394354307247,34.324627885498856,Hold Buy/ Liquidate Short
368,IDFC,EQ,05-Nov-2018,38.0,38.0,38.4,37.6,38.2,38.2,38.04,6169932,234703374.2,5890,4614484,74.79,36.793571428571376,1.2008689619348125,39.195309352441,34.39183350470175,Hold Buy/ Liquidate Short
369,IDFC,EQ,06-Nov-2018,38.2,38.3,38.5,37.25,37.55,37.65,37.86,1832119,69365551.75,3625,658728,35.95,36.701428571428515,1.0456051405249736,38.79263885247846,34.61021829037857,Hold Buy/ Liquidate Short
370,IDFC,EQ,07-Nov-2018,37.65,38.25,38.25,37.45,37.8,37.75,37.73,482989,18225272.15,1772,242991,50.31,36.653571428571375,0.9748183826349521,38.60320819384128,34.70393466330147,Hold Buy/ Liquidate Short
371,IDFC,EQ,09-Nov-2018,37.75,37.7,39.4,37.35,38.95,39.15,38.57,2212706,85353853.55,7599,672222,30.38,36.75071428571424,1.0949005173344635,38.94051532038316,34.560913251045314,Hold Buy/ Liquidate Short
372,IDFC,EQ,12-Nov-2018,39.15,38.75,39.0,38.05,38.15,38.3,38.44,1296211,49824495.05,4509,390179,30.1,36.85142857142853,1.1838064884937591,39.219041548416044,34.48381559444101,Hold Buy/ Liquidate Short
373,IDFC,EQ,13-Nov-2018,38.3,38.3,38.3,37.35,37.9,37.9,37.79,1124075,42474053.85,4080,380894,33.89,36.96714285714281,1.1912270891916834,39.34959703552618,34.58468867875944,Hold Buy/ Liquidate Short
374,IDFC,EQ,14-Nov-2018,37.9,38.05,38.85,37.75,38.3,38.5,38.28,1611821,61707811.85,4259,595888,36.97,37.11357142857138,1.2193100643270072,39.5521915572254,34.67495129991737,Hold Buy/ Liquidate Short
375,IDFC,EQ,15-Nov-2018,38.5,38.3,39.15,37.55,38.8,38.9,38.43,1155662,44415818.55,4944,237360,20.54,37.30999999999995,1.1917988988863406,39.69359779777263,34.92640220222727,Hold Short/ Liquidate Buy
376,IDFC,EQ,16-Nov-2018,38.9,39.0,39.5,38.5,39.0,39.15,39.14,1836070,71856026.3,5485,574764,31.3,37.602142857142816,1.092331159785993,39.7868051767148,35.41748053757083,Hold Short/ Liquidate Buy
377,IDFC,EQ,19-Nov-2018,39.15,39.1,39.7,38.55,39.2,39.15,39.26,1553892,61011941.15,4345,532741,34.28,37.869285714285674,0.9971302228499078,39.86354615998549,35.87502526858586,Hold Short/ Liquidate Buy
378,IDFC,EQ,20-Nov-2018,39.15,39.0,39.1,38.1,38.2,38.2,38.59,1033185,39872168.4,2972,321192,31.09,38.03642857142853,0.8957902153362246,39.82800900210098,36.24484814075608,Hold Short/ Liquidate Buy
379,IDFC,EQ,21-Nov-2018,38.2,38.65,39.0,38.0,38.85,38.8,38.57,1085761,41877867.05,2648,329858,30.38,38.226428571428535,0.6615437324108654,39.54951603625027,36.9033411066068,Hold Short/ Liquidate Buy
380,IDFC,EQ,22-Nov-2018,38.8,39.0,41.25,38.1,39.9,40.05,39.97,10782750,430942949.75,24189,2042343,18.94,38.46571428571425,0.6413413142162666,39.74839691414678,37.18303165728172,Hold Short/ Liquidate Buy
381,IDFC,EQ,26-Nov-2018,40.05,40.5,41.25,39.8,40.35,40.5,40.55,4306661,174617368.15,10962,799999,18.58,38.65857142857139,0.8223592434433242,40.30328991545804,37.013852941684746,Short
382,IDFC,EQ,27-Nov-2018,40.5,40.35,41.4,40.35,41.35,41.25,41.06,3209127,131762956.6,9229,1103731,34.39,38.87428571428568,1.0199676788683059,40.91422107202229,36.83435035654907,Short
383,IDFC,EQ,28-Nov-2018,41.25,41.5,42.3,40.7,41.15,41.35,41.46,5850107,242563202.75,12969,2087762,35.69,39.13142857142854,1.1850274722098315,41.50148351584821,36.76137362700888,Short
384,IDFC,EQ,29-Nov-2018,41.35,41.45,41.45,40.05,40.35,40.5,40.54,3633795,147311857.5,10849,1204566,33.15,39.33214285714282,1.1672398644241004,41.66662258599102,36.99766312829462,Short
385,IDFC,EQ,30-Nov-2018,40.5,40.8,41.15,39.7,41.1,40.95,40.49,2863847,115957094.55,9521,810905,28.32,39.469285714285675,1.1834854929781744,41.836256700242025,37.102314728329326,Short
386,IDFC,EQ,03-Dec-2018,40.95,40.8,41.75,40.55,40.95,40.9,41.18,1760204,72480314.15,5266,541629,30.77,39.664999999999964,1.225973710347577,42.11694742069512,37.21305257930481,Hold Short/ Liquidate Buy
387,IDFC,EQ,04-Dec-2018,40.9,40.9,42.2,40.75,41.05,41.05,41.48,2758684,114431331.1,11210,419229,15.2,39.928571428571395,1.1879255165913714,42.304422461754136,37.552720395388654,Hold Short/ Liquidate Buy
388,IDFC,EQ,05-Dec-2018,41.05,40.95,41.0,38.55,38.75,38.8,39.46,3093525,122065041.35,8826,903957,29.22,40.012857142857115,1.1006112187993045,42.214079580455724,37.811634705258506,Hold Short/ Liquidate Buy
389,IDFC,EQ,06-Dec-2018,38.8,38.75,39.2,37.55,37.7,37.85,38.14,2923604,111499395.9,11184,836226,28.6,39.99214285714283,1.1348885311006607,42.26191991934415,37.72236579494151,Hold Short/ Liquidate Buy
390,IDFC,EQ,07-Dec-2018,37.85,37.9,38.25,37.4,37.8,37.8,37.66,2962760,111574567.95,4874,1411498,47.64,39.886428571428546,1.280021677358374,42.44647192614529,37.3263852167118,Hold Short/ Liquidate Buy
391,IDFC,EQ,10-Dec-2018,37.8,37.4,37.5,36.55,37.0,37.05,37.09,1617901,60002137.6,5826,434913,26.88,39.731428571428545,1.4778146919482584,42.68705795532506,36.77579918753203,Hold Buy/ Liquidate Short
392,IDFC,EQ,11-Dec-2018,37.05,36.5,37.5,36.5,37.25,37.25,37.03,2461079,91144842.1,4438,981646,39.89,39.61999999999997,1.6222538926781978,42.864507785356366,36.37549221464357,Hold Buy/ Liquidate Short
393,IDFC,EQ,12-Dec-2018,37.25,37.5,39.1,37.5,38.7,38.75,38.49,1991579,76654701.0,5496,642882,32.28,39.614285714285685,1.626372623997891,42.86703096228147,36.3615404662899,Hold Buy/ Liquidate Short
394,IDFC,EQ,13-Dec-2018,38.75,39.0,40.4,39.0,40.05,40.1,39.72,3521105,139847393.85,8434,737449,20.94,39.59642857142854,1.6235365345820694,42.84350164059268,36.3493555022644,Hold Short/ Liquidate Buy
395,IDFC,EQ,14-Dec-2018,40.1,39.9,40.25,39.2,39.6,39.65,39.68,1849633,73395649.6,4822,503877,27.24,39.53428571428568,1.600719618392046,42.73572495106977,36.33284647750159,Hold Short/ Liquidate Buy
396,IDFC,EQ,17-Dec-2018,39.65,39.75,40.6,39.35,39.9,39.95,40.15,2395330,96178272.25,4682,908939,37.95,39.469285714285675,1.5517259090139546,42.57273753231358,36.36583389625777,Hold Short/ Liquidate Buy
397,IDFC,EQ,18-Dec-2018,39.95,39.95,41.3,39.55,41.3,41.15,40.83,3550502,144969997.85,8461,581739,16.38,39.42428571428568,1.497750694494592,42.419787103274864,36.4287843252965,Hold Short/ Liquidate Buy
398,IDFC,EQ,19-Dec-2018,41.15,42.0,42.6,40.85,41.9,41.9,41.72,7342717,306346254.9,15489,1403472,19.11,39.50857142857139,1.5953868937224045,42.699345216016205,36.31779764112658,Hold Short/ Liquidate Buy
399,IDFC,EQ,20-Dec-2018,41.9,41.6,44.95,41.3,44.15,44.0,43.47,7724128,335805756.45,17239,1477648,19.13,39.72142857142854,1.905130147554949,43.53168886653844,35.91116827631864,Hold Short/ Liquidate Buy
400,IDFC,EQ,21-Dec-2018,44.0,44.25,44.5,42.65,42.85,42.9,43.45,4509452,195943033.3,11260,854294,18.94,39.88357142857141,2.122960948019308,44.129493324610024,35.63764953253279,Hold Short/ Liquidate Buy
401,IDFC,EQ,24-Dec-2018,42.9,42.9,43.9,42.3,43.3,43.2,43.3,3047812,131958674.2,8771,549033,18.01,40.0135714285714,2.278280752412886,44.570132933397176,35.45700992374563,Hold Short/ Liquidate Buy
402,IDFC,EQ,26-Dec-2018,43.2,43.15,43.65,42.0,43.4,43.45,43.09,3437635,148117716.8,10113,623045,18.12,40.27285714285711,2.4130109776011786,45.09887909805947,35.446835187654756,Hold Short/ Liquidate Buy
403,IDFC,EQ,27-Dec-2018,43.45,43.5,44.05,42.5,42.75,42.85,43.37,4107116,178130403.2,5859,1047390,25.5,40.646428571428544,2.4617617429643057,45.569952057357156,35.72290508549993,Hold Short/ Liquidate Buy
404,IDFC,EQ,28-Dec-2018,42.85,43.4,43.75,42.9,43.45,43.4,43.45,3433418,149172033.1,6412,653595,19.04,41.05999999999998,2.407203931791509,45.874407863583,36.24559213641696,Hold Short/ Liquidate Buy
405,IDFC,EQ,31-Dec-2018,43.4,43.7,43.95,43.4,43.6,43.6,43.64,2011877,87795805.55,3421,404439,20.1,41.527857142857115,2.204213372931095,45.9362838887193,37.11943039699493,Hold Short/ Liquidate Buy
406,IDFC,EQ,01-Jan-2019,43.6,43.3,43.9,43.15,43.5,43.45,43.45,1293347,56194186.4,2726,183744,14.21,41.986428571428554,1.8330538081949215,45.6525361878184,38.32032095503871,Hold Short/ Liquidate Buy
407,IDFC,EQ,02-Jan-2019,43.45,43.2,43.75,42.0,42.15,42.15,42.93,2402002,103106364.55,5715,604234,25.16,42.3035714285714,1.5426830131697455,45.388937454910895,39.21820540223191,Hold Short/ Liquidate Buy
408,IDFC,EQ,03-Jan-2019,42.15,42.5,43.1,42.05,42.15,42.3,42.47,2857887,121379989.15,17322,887476,31.05,42.49999999999998,1.3516656391288429,45.203331278257664,39.79666872174229,Hold Short/ Liquidate Buy
409,IDFC,EQ,04-Jan-2019,42.3,42.55,43.85,41.55,43.3,43.45,42.57,5244011,223235189.25,32365,1490024,28.41,42.70642857142855,1.0815559101658825,44.86954039176032,40.54331675109679,Hold Short/ Liquidate Buy
410,IDFC,EQ,07-Jan-2019,43.45,43.5,45.45,43.45,44.25,44.45,44.78,7351139,329205077.35,26321,2050041,27.89,43.03714285714284,0.9380866662564359,44.91331618965571,41.16096952462997,Hold Buy/ Liquidate Short
411,IDFC,EQ,08-Jan-2019,44.45,44.55,44.6,43.55,44.0,43.95,43.98,2608629,114738777.2,7332,576861,22.11,43.26214285714284,0.7205145444699248,44.70317194608269,41.82111376820299,Hold Buy/ Liquidate Short
412,IDFC,EQ,09-Jan-2019,43.95,44.05,44.35,42.55,42.9,43.2,43.36,4085298,177157900.2,12910,1362372,33.35,43.37928571428569,0.5675922735665717,44.514470261418836,42.24410116715255,Hold Buy/ Liquidate Short
413,IDFC,EQ,10-Jan-2019,43.2,43.3,43.75,42.7,42.9,42.95,43.12,3688826,159074177.1,10007,1468421,39.81,43.354285714285695,0.5709871921749717,44.49626009863564,42.21231132993575,Hold Buy/ Liquidate Short
414,IDFC,EQ,11-Jan-2019,42.95,43.1,43.25,41.75,41.9,42.0,42.25,4848665,204842565.05,14618,1804748,37.22,43.268571428571406,0.6412590637290692,44.551089556029545,41.986053301113266,Hold Buy/ Liquidate Short
415,IDFC,EQ,14-Jan-2019,42.0,42.4,42.9,41.45,42.85,42.75,42.22,2587556,109251969.8,6234,660103,25.51,43.19142857142855,0.699503748744064,44.59043606891668,41.792421073940424,Hold Buy/ Liquidate Short
416,IDFC,EQ,15-Jan-2019,42.75,42.85,43.3,42.65,43.25,42.95,42.93,1707229,73291633.1,3842,510000,29.87,43.17999999999997,0.702588620198388,44.585177240396746,41.7748227596032,Hold Buy/ Liquidate Short
417,IDFC,EQ,16-Jan-2019,42.95,43.45,44.3,42.95,43.75,43.75,43.72,3845952,168136696.0,9119,767802,19.96,43.20499999999998,0.7159689507674485,44.63693790153487,41.77306209846508,Hold Buy/ Liquidate Short
418,IDFC,EQ,17-Jan-2019,43.75,44.0,44.35,42.9,43.55,43.6,43.7,2515030,109901736.15,6170,582398,23.16,43.222857142857116,0.7256024401146965,44.674062023086506,41.771652262627725,Hold Buy/ Liquidate Short
419,IDFC,EQ,18-Jan-2019,43.6,44.3,44.3,42.8,43.0,43.15,43.24,2503090,108243864.95,4951,624689,24.96,43.19428571428569,0.7157214142797786,44.625728542845245,41.76284288572614,Hold Buy/ Liquidate Short
420,IDFC,EQ,21-Jan-2019,43.15,43.05,43.65,41.85,41.9,42.05,42.53,2412081,102596615.65,4630,677112,28.07,43.1285714285714,0.7324758556583217,44.59352313988804,41.663619717254754,Hold Buy/ Liquidate Short
421,IDFC,EQ,22-Jan-2019,42.05,41.7,42.75,41.35,42.2,42.4,41.98,2048012,85975409.2,4776,446737,21.81,43.06071428571426,0.7937298928846401,44.648174071483545,41.47325449994498,Hold Buy/ Liquidate Short
422,IDFC,EQ,23-Jan-2019,42.4,42.25,42.95,42.2,42.6,42.5,42.58,1807858,76974881.65,3961,413981,22.9,43.06857142857141,0.7879560427309659,44.64448351403334,41.49265934310948,Hold Buy/ Liquidate Short
423,IDFC,EQ,24-Jan-2019,42.5,42.6,42.75,42.2,42.3,42.45,42.43,1053049,44679221.55,2666,292627,27.79,43.0585714285714,0.7956212583979304,44.64981394536726,41.46732891177554,Hold Buy/ Liquidate Short
424,IDFC,EQ,25-Jan-2019,42.45,42.35,43.1,40.5,40.8,40.8,41.73,6941009,289672943.6,10533,3271758,47.14,42.84071428571426,0.6998072733129906,44.240328832340246,41.44109973908828,Buy
425,IDFC,EQ,28-Jan-2019,40.8,40.6,40.75,39.7,39.75,39.95,40.01,2550938,102058682.7,7556,902897,35.39,42.55714285714283,0.9589932908366514,44.47512943881613,40.639156275469524,Buy
426,IDFC,EQ,29-Jan-2019,39.95,39.5,40.45,38.95,39.25,39.1,39.46,5458668,215384670.6,5939,3140441,57.53,42.278571428571404,1.2346588263905238,44.747889081352454,39.80925377579035,Buy
427,IDFC,EQ,30-Jan-2019,39.1,39.35,39.55,38.5,38.65,38.7,38.83,1664668,64632441.0,5900,655916,39.4,41.972142857142835,1.5111644953047891,44.994471847752415,38.949813866533255,Buy
428,IDFC,EQ,31-Jan-2019,38.7,38.8,39.9,38.2,39.75,39.6,39.16,3827805,149888434.3,7126,1135707,29.67,41.75142857142855,1.6833111012935011,45.11805077401555,38.384806368841545,Buy
429,IDFC,EQ,01-Feb-2019,39.6,39.75,39.85,38.35,38.75,38.6,39.01,3261181,127210421.15,7838,852494,26.14,41.52214285714283,1.8270580748276488,45.17625900679813,37.86802670748754,Buy
430,IDFC,EQ,04-Feb-2019,38.6,39.0,39.0,36.4,36.9,36.9,37.12,3636501,134978952.8,8058,963800,26.5,41.10714285714283,2.119170478391314,45.34548381392546,36.868801900360204,Buy
431,IDFC,EQ,05-Feb-2019,36.9,36.7,37.75,36.0,36.6,36.75,36.8,3115064,114633536.75,6059,645475,20.72,40.612857142857116,2.2648736713676922,45.1426044855925,36.08310980012173,Hold Buy/ Liquidate Short
432,IDFC,EQ,06-Feb-2019,36.75,36.55,37.0,35.05,36.95,36.95,36.24,3856286,139733602.7,7547,1030124,26.71,40.07999999999997,2.358320784600519,44.79664156920101,35.36335843079893,Hold Buy/ Liquidate Short
433,IDFC,EQ,07-Feb-2019,36.95,37.4,38.45,36.45,38.15,38.2,37.5,5941342,222791225.35,12254,1517675,25.54,39.669999999999966,2.2637477434899376,44.19749548697984,35.14250451302009,Hold Buy/ Liquidate Short
434,IDFC,EQ,08-Feb-2019,38.2,37.95,38.2,37.1,37.45,37.55,37.62,3435942,129275586.55,10676,800673,23.3,39.319285714285684,2.164754256032996,43.648794226351676,34.98977720221969,Hold Buy/ Liquidate Short
435,IDFC,EQ,11-Feb-2019,37.55,38.5,38.5,36.9,37.25,37.35,37.36,10455201,390656775.95,32805,2785507,26.64,38.989285714285685,2.078366460193958,43.1460186346736,34.83255279389777,Hold Buy/ Liquidate Short
436,IDFC,EQ,12-Feb-2019,37.35,37.5,37.55,35.4,35.95,35.7,36.28,5060308,183608596.4,12017,1900679,37.56,38.539285714285676,1.916866289971331,42.37301829422834,34.70555313434301,Hold Buy/ Liquidate Short
437,IDFC,EQ,13-Feb-2019,35.7,35.85,36.35,34.85,34.9,35.2,35.54,5152821,183126806.95,11795,1998828,38.79,38.04714285714282,1.7149587506659314,41.47706035847469,34.61722535581096,Hold Buy/ Liquidate Short
438,IDFC,EQ,14-Feb-2019,35.2,35.1,35.85,34.45,35.45,35.45,35.03,4828455,169156651.95,12328,2014053,41.71,37.56857142857139,1.5334067509106837,40.63538493039275,34.501757926750024,Hold Buy/ Liquidate Short
439,IDFC,EQ,15-Feb-2019,35.45,35.75,36.15,34.5,35.1,35.2,35.26,5101985,179901487.1,15981,1838765,36.04,37.22928571428567,1.476083509654776,40.18145273359522,34.277118694976124,Hold Buy/ Liquidate Short
440,IDFC,EQ,18-Feb-2019,35.2,35.15,36.2,34.6,35.05,35.1,35.52,2829180,100478503.35,8797,752367,26.59,36.9478571428571,1.3912207067706108,39.730298556398324,34.16541572931588,Hold Buy/ Liquidate Short
441,IDFC,EQ,19-Feb-2019,35.1,35.0,35.55,31.6,35.15,35.05,35.09,2538983,89100317.35,5701,720722,28.39,36.680714285714245,1.360754679104795,39.40222364392383,33.95920492750466,Hold Buy/ Liquidate Short
442,IDFC,EQ,20-Feb-2019,35.05,34.55,36.1,34.55,35.85,35.65,35.54,6371919,226456479.5,13445,2994972,47.0,36.422142857142816,1.1861325556457702,38.794407968434356,34.049877745851276,Hold Buy/ Liquidate Short
443,IDFC,EQ,21-Feb-2019,35.65,35.5,36.3,35.4,36.2,36.1,35.87,3363781,120646427.35,17768,1485144,44.15,36.1978571428571,0.9279189169781307,38.05369497681336,34.342019308900845,Hold Buy/ Liquidate Short
444,IDFC,EQ,22-Feb-2019,36.1,36.8,37.35,36.0,37.15,37.15,36.9,5807252,214264692.8,25682,2205138,37.97,36.182142857142814,0.9128415362657545,38.007825929674325,34.3564597846113,Hold Buy/ Liquidate Short
445,IDFC,EQ,25-Feb-2019,37.15,37.0,37.55,36.8,37.4,37.4,37.24,3208036,119454260.95,15686,1232351,38.41,36.213571428571385,0.9428321258764822,38.09923568032435,34.32790717681842,Hold Buy/ Liquidate Short
446,IDFC,EQ,26-Feb-2019,37.4,37.4,37.4,36.6,37.05,37.05,37.04,5565557,206140938.7,21350,2739241,49.22,36.27071428571424,0.968452089962014,38.20761846563827,34.333810105790214,Hold Buy/ Liquidate Short
447,IDFC,EQ,27-Feb-2019,37.05,37.2,37.9,37.05,37.2,37.35,37.51,5131399,192481380.3,10366,2335873,45.52,36.27142857142853,0.9694316903217803,38.21029195207209,34.33256519078497,Hold Buy/ Liquidate Short
448,IDFC,EQ,28-Feb-2019,37.35,37.8,37.8,36.25,36.8,36.55,36.89,6084791,224491427.55,11055,2770935,45.54,36.21928571428567,0.9090693828633167,38.037424480012305,34.40114694855903,Hold Buy/ Liquidate Short
449,IDFC,EQ,01-Mar-2019,36.55,36.85,40.4,36.85,40.1,40.15,39.14,8920229,349152580.15,15219,2026397,22.72,36.346428571428525,1.1683756452245926,38.68317986187771,34.00967728097934,Hold Buy/ Liquidate Short
450,IDFC,EQ,05-Mar-2019,40.15,40.1,41.8,40.1,41.7,41.55,41.0,6799514,278779643.85,17947,1907499,28.05,36.68357142857138,1.705338257188546,40.09424794294848,33.27289491419429,Short
451,IDFC,EQ,06-Mar-2019,41.55,41.55,42.3,40.45,41.15,40.85,41.25,5692725,234851191.7,16124,1870816,32.86,37.09142857142853,2.0572941794166404,41.20601693026181,32.97684021259525,Hold Buy/ Liquidate Short
452,IDFC,EQ,07-Mar-2019,40.85,40.4,41.3,39.8,39.95,40.0,40.48,6867056,277948689.3,10323,2329473,33.92,37.48071428571425,2.1507296231953754,41.782173532105,33.1792550393235,Hold Buy/ Liquidate Short
453,IDFC,EQ,08-Mar-2019,40.0,39.9,40.4,39.0,39.2,39.2,39.42,3912203,154209374.15,7611,1430088,36.55,37.7778571428571,2.1072482186366264,41.992353580130356,33.56336070558385,Hold Buy/ Liquidate Short
454,IDFC,EQ,11-Mar-2019,39.2,39.9,41.9,39.45,41.6,41.35,41.25,8182864,337517195.05,15401,2707891,33.09,38.18714285714282,2.189820605829717,42.56678406880225,33.807501645483384,Short
455,IDFC,EQ,12-Mar-2019,41.35,41.5,42.4,41.45,41.9,42.05,41.88,6831642,286075254.5,10653,2709810,39.67,38.672142857142816,2.202984613834899,43.078112084812616,34.266173629473016,Short
456,IDFC,EQ,13-Mar-2019,42.05,42.0,42.5,40.9,41.6,41.35,41.66,7392616,308009220.55,8236,1706600,23.09,39.10928571428567,2.139958534054939,43.38920278239554,34.829368646175794,Hold Short/ Liquidate Buy
457,IDFC,EQ,14-Mar-2019,41.35,41.4,42.25,41.15,42.2,41.95,41.73,3418739,142661344.4,6280,1072420,31.37,39.5278571428571,2.0277846137009776,43.583426370259055,35.47228791545515,Hold Short/ Liquidate Buy
458,IDFC,EQ,15-Mar-2019,41.95,42.55,45.25,42.1,43.95,44.3,44.26,21880421,968354297.4,36638,8307214,37.97,40.05357142857139,2.237325350787556,44.5282221301465,35.57892072699627,Short
459,IDFC,EQ,18-Mar-2019,44.3,44.5,44.85,42.85,43.6,43.55,43.84,7186175,315042798.75,27416,2217285,30.85,40.52499999999996,2.293511751408315,45.11202350281659,35.937976497183335,Short
460,IDFC,EQ,19-Mar-2019,43.55,44.05,45.35,43.65,44.7,44.8,44.65,5823008,260026030.75,26194,2052895,35.25,41.06857142857139,2.3057848893697304,45.68014120731085,36.45700164983193,Short
461,IDFC,EQ,20-Mar-2019,44.8,44.5,44.8,43.8,44.5,44.5,44.33,3578606,158650760.75,8418,1268017,35.43,41.55571428571425,2.2147676185996095,45.98524952291347,37.126179048515034,Short
462,IDFC,EQ,22-Mar-2019,44.5,44.5,44.9,43.4,43.65,43.7,44.14,3359735,148288797.3,7440,978340,29.12,42.07357142857139,1.8589227945360418,45.791417017643475,38.35572583949931,Hold Short/ Liquidate Buy
463,IDFC,EQ,25-Mar-2019,43.7,43.85,43.9,42.8,43.0,42.95,43.29,3423091,148185373.6,6083,1280369,37.4,42.36999999999996,1.6771404234594367,45.72428084691884,39.015719153081086,Hold Short/ Liquidate Buy
464,IDFC,EQ,26-Mar-2019,42.95,43.0,44.9,43.0,44.9,44.75,44.39,6551173,290806692.6,16282,1709214,26.09,42.61214285714282,1.708553948053228,46.02925075324928,39.19503496103636,Hold Short/ Liquidate Buy
465,IDFC,EQ,27-Mar-2019,44.75,45.0,46.95,44.6,46.2,46.25,45.87,12734546,584074153.25,28126,4599860,36.12,42.94214285714282,1.864292724504122,46.67072830615106,39.21355740813458,Hold Short/ Liquidate Buy
466,IDFC,EQ,28-Mar-2019,46.25,46.2,47.45,45.85,47.3,46.9,46.73,12206959,570460966.8,23548,5476328,44.86,43.38857142857139,1.9744165920905543,47.3374046127525,39.43973824439028,Hold Short/ Liquidate Buy
467,IDFC,EQ,29-Mar-2019,46.9,47.1,48.1,46.3,46.4,46.55,47.13,7553360,355975547.95,15915,2966744,39.28,43.93928571428568,1.8539125540983086,47.6471108224823,40.231460606089065,Hold Short/ Liquidate Buy
468,IDFC,EQ,01-Apr-2019,46.55,47.4,47.4,46.35,46.7,46.6,46.93,2902830,136233622.55,6637,605815,20.87,44.34499999999996,1.8415827223012389,48.02816544460244,40.66183455539748,Hold Short/ Liquidate Buy
469,IDFC,EQ,02-Apr-2019,46.6,47.0,47.35,45.55,46.15,46.15,46.41,3229923,149901066.95,7123,623312,19.3,44.66857142857139,1.7718041962619906,48.21217982109537,41.12496303604741,Hold Buy/ Liquidate Short
470,IDFC,EQ,03-Apr-2019,46.15,46.25,46.65,45.25,45.25,45.5,46.01,3648491,167881858.6,7209,725371,19.88,44.97928571428567,1.5739976751317462,48.127281064549166,41.83129036402218,Hold Buy/ Liquidate Short
471,IDFC,EQ,04-Apr-2019,45.5,45.5,47.4,45.1,46.15,46.3,46.46,5764009,267777175.45,9274,965444,16.75,45.31714285714282,1.308072149101179,47.93328715534518,42.70099855894046,Hold Buy/ Liquidate Short
472,IDFC,EQ,05-Apr-2019,46.3,46.55,46.85,45.85,46.75,46.55,46.4,3806248,176609605.55,6874,1013512,26.63,45.46999999999996,1.3000473364168297,48.07009467283362,42.86990532716631,Hold Buy/ Liquidate Short
473,IDFC,EQ,08-Apr-2019,46.55,46.45,47.25,46.0,46.35,46.3,46.69,5116304,238857605.3,10084,2125840,41.55,45.67357142857139,1.2472406907492801,48.16805281006995,43.17909004707283,Hold Buy/ Liquidate Short
474,IDFC,EQ,09-Apr-2019,46.3,46.5,47.0,45.4,46.95,46.85,46.14,3347032,154445408.5,6586,807944,24.14,45.779999999999966,1.2163691241375858,48.21273824827514,43.347261751724794,Hold Buy/ Liquidate Short
475,IDFC,EQ,10-Apr-2019,46.85,46.55,47.7,46.5,46.65,46.7,47.04,3400749,159967527.8,8821,728091,21.41,45.97357142857139,1.1830443592889175,48.339660147149225,43.607482709993555,Hold Buy/ Liquidate Short
476,IDFC,EQ,11-Apr-2019,46.7,46.6,47.1,45.5,45.95,45.95,46.24,3550221,164152434.3,9187,605474,17.05,46.12357142857139,1.0593438255168595,48.242259079605105,44.00488377753767,Hold Buy/ Liquidate Short
477,IDFC,EQ,12-Apr-2019,45.95,45.95,47.15,45.95,46.9,46.85,46.49,2794471,129913759.6,5271,561295,20.09,46.35214285714282,0.6772362225252236,47.70661530219327,44.997670412092376,Hold Buy/ Liquidate Short
478,IDFC,EQ,15-Apr-2019,46.85,47.0,47.35,46.5,46.65,46.7,46.91,1562878,73313532.7,4670,363351,23.25,46.53214285714282,0.38928294182062817,47.31070874078408,45.753576973501566,Hold Buy/ Liquidate Short
479,IDFC,EQ,16-Apr-2019,46.7,46.7,47.1,46.15,46.45,46.3,46.5,1301226,60501908.8,5288,282542,21.71,46.57714285714282,0.3401680257102289,47.25747890856328,45.896806805722356,Hold Buy/ Liquidate Short
480,IDFC,EQ,18-Apr-2019,46.3,46.5,46.9,45.25,45.4,45.45,45.89,2016212,92516159.9,4669,476943,23.66,46.517142857142815,0.3825708294705104,47.282284516083834,45.752001198201796,Hold Buy/ Liquidate Short
481,IDFC,EQ,22-Apr-2019,45.45,45.45,45.8,43.15,43.25,43.3,44.08,3446608,151940642.0,7292,752391,21.83,46.29928571428568,0.7233624932940823,47.746010700873846,44.852560727697515,Buy
482,IDFC,EQ,23-Apr-2019,43.3,43.0,43.85,41.75,41.85,41.9,42.37,4155007,176067866.0,7654,1112920,26.79,45.9735714285714,1.2514152427917267,48.47640191415485,43.470740942987945,Buy
483,IDFC,EQ,24-Apr-2019,41.9,42.4,42.7,41.65,42.6,42.4,42.27,3574307,151088788.55,9047,957013,26.77,45.677857142857114,1.5850318054150279,48.84792075368717,42.50779353202706,Hold Buy/ Liquidate Short
484,IDFC,EQ,25-Apr-2019,42.4,42.85,43.6,42.5,43.0,43.25,43.05,3244512,139679044.1,5872,771405,23.78,45.46642857142854,1.728265502853387,48.92295957713531,42.009897565721765,Hold Buy/ Liquidate Short
485,IDFC,EQ,26-Apr-2019,43.25,42.75,43.25,41.3,41.45,41.6,42.13,5358399,225748575.4,11995,2068654,38.61,45.15714285714282,1.9142197790846307,48.98558241531208,41.328703298973565,Buy
486,IDFC,EQ,30-Apr-2019,41.6,41.25,41.6,38.95,39.9,40.15,40.0,8318627,332729335.95,16086,4523085,54.37,44.69999999999997,2.3165093102806398,49.33301862056125,40.06698137943869,Hold Buy/ Liquidate Short
487,IDFC,EQ,02-May-2019,40.15,40.0,40.6,38.95,39.25,39.1,39.68,4057293,161000817.3,7290,1333439,32.87,44.19928571428568,2.5942405566823643,49.38776682765041,39.01080460092095,Hold Buy/ Liquidate Short
488,IDFC,EQ,03-May-2019,39.1,39.1,39.85,38.7,39.0,39.05,39.23,4204580,164960484.4,10298,1491227,35.47,43.70571428571425,2.8421002913225415,49.389914868359334,38.02151370306917,Hold Buy/ Liquidate Short
489,IDFC,EQ,06-May-2019,39.05,38.7,38.95,37.5,37.65,37.75,38.19,4005538,152951743.0,7046,2003219,50.01,43.07357142857139,3.021959647297063,49.11749072316552,37.029652133977265,Hold Buy/ Liquidate Short
490,IDFC,EQ,07-May-2019,37.75,38.0,38.6,36.9,37.15,37.1,37.72,3697713,139483685.1,6148,1609390,43.52,42.46499999999997,3.1885437959142533,48.842087591828474,36.08791240817146,Hold Buy/ Liquidate Short
491,IDFC,EQ,08-May-2019,37.1,37.0,38.65,36.85,37.55,37.6,37.9,7364218,279101416.45,11206,2871606,38.99,41.851428571428535,3.180911473493031,48.213251518414594,35.489605624442476,Hold Buy/ Liquidate Short
492,IDFC,EQ,09-May-2019,37.6,37.9,38.1,36.95,37.45,37.6,37.57,7376399,277103832.65,8362,3335703,45.22,41.184285714285686,3.013392451363735,47.211070617013156,35.157500811558215,Hold Buy/ Liquidate Short
493,IDFC,EQ,10-May-2019,37.6,37.6,38.2,37.25,38.1,38.1,37.81,2626094,99292098.7,8188,563859,21.47,40.5635714285714,2.714376560076375,45.99232454872415,35.13481830841865,Hold Buy/ Liquidate Short
494,IDFC,EQ,13-May-2019,38.1,37.8,37.8,34.35,34.9,34.75,35.64,16211123,577724357.55,21287,7776099,47.97,39.831428571428546,2.544196585120395,44.91982174166934,34.743035401187754,Hold Buy/ Liquidate Short
