,Date,Close Price,Open Price,High Price,Low Price,Total Traded Quantity,year,month,price*volume,Day_Perc_Change,Trend
0,2019-10-24,119.1,119.18,119.56,118.52,2920000.0,2019,10,347772000.0,0.0,Slight or No Change
1,2019-10-23,119.35,119.17,119.85,118.69,2870000.0,2019,10,342534500.0,0.2099076406381295,Slight or No Change
2,2019-10-22,119.58,119.75,120.17,119.39,2600000.0,2019,10,310908000.0,0.19271051529117234,Slight or No Change
3,2019-10-21,119.74,119.3,119.83,118.82,3470000.0,2019,10,415497800.0,0.1338016390700858,Slight or No Change
4,2019-10-18,119.14,120.45,120.6,119.13,5590000.0,2019,10,665992600.0,-0.5010856856522472,Slight negative
5,2019-10-17,119.84,119.67,120.25,119.36,3960000.0,2019,10,474566400.0,0.5875440658049458,Slight positive
6,2019-10-16,119.42,119.31,120.11,119.1,4139999.9999999995,2019,10,494398799.99999994,-0.3504672897196248,Slight or No Change
7,2019-10-15,119.53,119.33,119.99,118.87,5390000.0,2019,10,644266700.0,0.09211187405795407,Slight or No Change
8,2019-10-14,119.17,119.85,120.46,119.1,4600000.0,2019,10,548182000.0,-0.3011796201790373,Slight or No Change
9,2019-10-11,120.24,119.92,120.71,118.72,6150000.0,2019,10,739476000.0,0.8978769824620203,Slight positive
10,2019-10-10,119.61,118.9,119.88,118.6,4440000.0,2019,10,531068400.0,-0.5239520958083776,Slight negative
11,2019-10-09,118.93,118.18,119.3,118.02,3930000.0,2019,10,467394900.0,-0.568514338266024,Slight negative
12,2019-10-08,117.58,116.81,118.67,116.66,5550000.0,2019,10,652569000.0,-1.1351215000420467,Negative
13,2019-10-07,117.23,118.1,118.3,116.88,4750000.0,2019,10,556842500.0,-0.2976696717128746,Slight or No Change
14,2019-10-04,118.16,116.4,118.3,116.19,4870000.0,2019,10,575439200.0,0.7933122920753988,Slight positive
15,2019-10-03,116.31,115.88,116.8,114.58,5370000.0,2019,10,624584700.0,-1.5656736628300583,Negative
16,2019-10-02,116.12,117.4,117.55,115.61,6010000.0,2019,10,697881200.0,-0.16335654715845527,Slight or No Change
17,2019-10-01,117.85,118.85,119.11,117.72,3740000.0,2019,10,440759000.0,1.4898380985187698,Positive
18,2019-09-30,118.68,118.67,119.44,118.56,3600000.0,2019,9,427248000.0,0.704285108188385,Slight positive
19,2019-09-27,118.45,119.21,119.23,117.75,3440000.0,2019,9,407468000.0,-0.19379844961240345,Slight or No Change
20,2019-09-26,118.3,118.8,119.55,118.19,3990000.0,2019,9,472017000.0,-0.12663571127058404,Slight or No Change
21,2019-09-25,118.47,118.47,118.72,117.81,5340000.0,2019,9,632629800.0,0.14370245139476712,Slight or No Change
22,2019-09-24,118.4,118.25,119.86,118.01,7710000.0,2019,9,912864000.0,-0.05908668861314137,Slight or No Change
23,2019-09-23,117.62,116.61,118.41,116.56,5910000.0,2019,9,695134200.0,-0.6587837837837895,Slight negative
24,2019-09-20,116.98,117.35,117.64,116.8,11590000.0,2019,9,1355798200.0,-0.5441251487842247,Slight negative
25,2019-09-19,117.11,117.4,117.81,116.77,3400000.0,2019,9,398174000.0,0.11113010771071075,Slight or No Change
26,2019-09-18,117.16,116.91,117.23,116.18,4120000.0,2019,9,482699200.0,0.04269490222867933,Slight or No Change
27,2019-09-17,116.51,115.32,116.69,115.25,4780000.0,2019,9,556917800.0,-0.5547968589962426,Slight negative
28,2019-09-16,115.57,116.54,117.17,115.38,6090000.0,2019,9,703821300.0,-0.8067976997682691,Slight negative
29,2019-09-13,117.43,117.16,118.19,116.95,5640000.0,2019,9,662305200.0,1.6094142078394214,Positive
30,2019-09-12,116.92,116.65,117.07,115.9,4470000.0,2019,9,522632400.0,-0.43430128587244043,Slight or No Change
31,2019-09-11,116.02,116.0,116.7,115.22,5280000.0,2019,9,612585600.0,-0.7697570988710267,Slight negative
32,2019-09-10,116.05,115.99,116.96,115.48,4860000.0,2019,9,564003000.0,0.025857610756774285,Slight or No Change
33,2019-09-09,116.33,114.5,116.61,114.4,5970000.0,2019,9,694490100.0,0.24127531236535216,Slight or No Change
34,2019-09-06,114.73,115.44,115.75,114.62,4350000.0,2019,9,499075500.0,-1.3753975758617698,Negative
35,2019-09-05,115.44,117.67,117.96,115.27,5830000.0,2019,9,673015200.0,0.618844243005312,Slight positive
36,2019-09-04,115.91,115.69,115.96,114.82,5800000.0,2019,9,672278000.0,0.4071379071379111,Slight or No Change
37,2019-09-03,114.64,113.68,115.31,113.49,5940000.0,2019,9,680961600.0,-1.0956776809593616,Negative
38,2019-08-30,114.26,115.0,115.38,113.9,5710000.0,2019,8,652424600.0,-0.3314724354500975,Slight or No Change
39,2019-08-29,114.08,114.2,114.59,113.31,5270000.0,2019,8,601201600.0,-0.15753544547524312,Slight or No Change
40,2019-08-28,112.72,112.28,113.08,111.68,5380000.0,2019,8,606433600.0,-1.192145862552596,Negative
41,2019-08-27,112.42,112.42,112.81,111.51,5730000.0,2019,8,644166600.0,-0.2661462029808326,Slight or No Change
42,2019-08-26,111.99,111.56,112.27,111.22,5940000.0,2019,8,665220600.0,-0.38249421811066275,Slight or No Change
43,2019-08-23,110.83,111.62,111.91,110.13,6240000.0,2019,8,691579200.0,-1.035806768461467,Negative
44,2019-08-22,111.91,112.2,112.79,111.35,6000000.0,2019,8,671460000.0,0.9744653974555595,Slight positive
45,2019-08-21,112.02,113.98,114.07,111.88,8160000.0,2019,8,914083200.0,0.09829327137877986,Slight or No Change
46,2019-08-20,112.05,113.86,114.04,112.01,6110000.0,2019,8,684625500.0,0.026780931976433386,Slight or No Change
47,2019-08-19,113.81,114.35,114.78,113.6,7180000.0,2019,8,817155800.0,1.5707273538598798,Positive
48,2019-08-16,112.99,114.08,114.93,112.06,10970000.0,2019,8,1239500300.0,-0.7204990774097197,Slight negative
49,2019-08-15,112.69,112.53,113.64,110.16,19810000.0,2019,8,2232388900.0,-0.26551022214355013,Slight or No Change
50,2019-08-14,106.2,105.48,108.06,105.14,9310000.0,2019,8,988722000.0,-5.759162303664922,Among top losers
51,2019-08-13,107.41,105.25,108.11,104.85,6720000.0,2019,8,721795200.0,1.13935969868173,Positive
52,2019-08-12,105.22,106.72,106.84,104.84,5870000.0,2019,8,617641400.0,-2.0389163020202994,Negative
53,2019-08-09,107.28,108.06,108.46,106.71,4190000.0000000005,2019,8,449503200.00000006,1.9578026991066366,Positive
54,2019-08-08,108.52,108.01,108.84,107.77,4370000.0,2019,8,474232400.0,1.1558538404175867,Positive
55,2019-08-07,108.2,107.02,108.64,105.92,7280000.0,2019,8,787696000.0,-0.2948765204570547,Slight or No Change
56,2019-08-06,107.27,106.19,107.84,105.59,7020000.0,2019,8,753035400.0,-0.8595194085027735,Slight negative
57,2019-08-05,105.82,108.0,108.0,105.59,7570000.0,2019,8,801057400.0,-1.3517292812529114,Negative
58,2019-08-02,109.4,109.74,110.14,108.15,5660000.0,2019,8,619204000.0,3.383103383103392,Among top gainers
59,2019-08-01,109.38,110.32,112.17,109.32,7450000.0,2019,8,814881000.0,-0.018281535649000702,Slight or No Change
60,2019-07-31,110.38,111.91,112.34,109.63,6210000.0,2019,7,685459800.0,0.914243920277924,Slight positive
61,2019-07-30,112.06,112.06,112.4,111.67,3040000.0,2019,7,340662400.0,1.5220148577640868,Positive
62,2019-07-29,112.27,112.84,112.98,111.76,3750000.0,2019,7,421012500.0,0.18739960735318917,Slight or No Change
63,2019-07-26,113.02,112.12,113.33,111.82,4730000.0,2019,7,534584600.0,0.6680324218402145,Slight positive
64,2019-07-25,112.22,112.18,112.39,111.66,3850000.0,2019,7,432047000.0,-0.7078393204742461,Slight negative
65,2019-07-24,112.0,112.03,112.79,111.57,4179999.9999999995,2019,7,468159999.99999994,-0.19604348600962274,Slight or No Change
66,2019-07-23,112.09,113.12,113.2,111.56,5750000.0,2019,7,644517500.0,0.0803571428571459,Slight or No Change
67,2019-07-22,112.82,114.1,114.34,112.32,4520000.0,2019,7,509946399.99999994,0.6512623784458826,Slight positive
68,2019-07-19,113.9,115.0,115.31,113.86,3800000.0,2019,7,432820000.0,0.9572770785321927,Slight positive
69,2019-07-18,114.72,114.35,114.78,113.74,3220000.0,2019,7,369398400.0,0.7199297629499446,Slight positive
70,2019-07-17,114.6,114.81,115.17,114.2,2690000.0,2019,7,308274000.0,-0.10460251046024993,Slight or No Change
71,2019-07-16,114.76,115.33,115.49,114.04,3490000.0,2019,7,400512400.0,0.13961605584642545,Slight or No Change
72,2019-07-15,114.98,114.67,115.08,114.45,3350000.0,2019,7,385183000.0,0.19170442662947984,Slight or No Change
73,2019-07-12,114.6,114.09,114.77,113.62,3740000.0,2019,7,428604000.0,-0.3304922595234072,Slight or No Change
74,2019-07-11,113.92,113.34,113.94,113.02,3900000.0,2019,7,444288000.0,-0.5933682373472915,Slight negative
75,2019-07-10,112.98,113.12,113.61,112.39,4580000.0,2019,7,517448400.0,-0.8251404494381998,Slight negative
76,2019-07-09,112.88,112.89,113.38,112.6,5420000.0,2019,7,611809600.0,-0.08851124092760232,Slight or No Change
77,2019-07-08,112.72,111.92,112.93,111.7,4720000.0,2019,7,532038400.0,-0.14174344436569397,Slight or No Change
78,2019-07-05,111.98,112.0,112.24,111.21,3580000.0,2019,7,400888400.0,-0.6564939673527226,Slight negative
79,2019-07-03,112.32,111.18,112.4,111.0,3210000.0,2019,7,360547200.0,0.3036256474370225,Slight or No Change
80,2019-07-02,111.6,110.83,111.61,110.34,4059999.9999999995,2019,7,453095999.99999994,-0.6410256410256387,Slight negative
81,2019-07-01,110.62,111.3,111.97,110.02,5520000.0,2019,7,610622400.0,-0.8781362007168392,Slight negative
82,2019-06-28,110.49,110.55,111.5,110.24,6510000.0,2019,6,719289900.0,-0.11751943590672109,Slight or No Change
83,2019-06-27,110.1,110.06,110.51,108.86,5480000.0,2019,6,603348000.0,-0.35297311973934153,Slight or No Change
84,2019-06-26,110.16,110.85,111.08,110.1,4160000.0,2019,6,458265600.0,0.054495912806551416,Slight or No Change
85,2019-06-25,110.72,110.88,111.43,110.4,6110000.0,2019,6,676499200.0,0.5083514887436413,Slight positive
86,2019-06-24,111.24,111.49,112.22,111.03,6030000.0,2019,6,670777200.0,0.46965317919074323,Slight or No Change
87,2019-06-21,111.13,110.34,112.19,110.26,13180000.0,2019,6,1464693400.0,-0.09888529306004701,Slight or No Change
88,2019-06-20,110.32,109.82,110.49,109.28,5000000.0,2019,6,551600000.0,-0.7288760910645231,Slight negative
89,2019-06-19,109.62,109.8,109.84,108.87,3920000.0,2019,6,429710400.0,-0.6345177664974555,Slight negative
90,2019-06-18,109.65,109.8,109.96,108.91,4910000.0,2019,6,538381500.0,0.027367268746569806,Slight or No Change
91,2019-06-17,109.16,109.12,109.55,108.26,4150000.0000000005,2019,6,453014000.00000006,-0.446876424988607,Slight or No Change
92,2019-06-14,109.07,108.78,109.59,108.46,4530000.0,2019,6,494087099.99999994,-0.08244778307072709,Slight or No Change
93,2019-06-13,108.65,109.0,109.58,108.17,5480000.0,2019,6,595402000.0,-0.3850738058127745,Slight or No Change
94,2019-06-12,108.82,107.92,108.91,107.92,4640000.0,2019,6,504924799.99999994,0.15646571560055111,Slight or No Change
95,2019-06-11,107.94,108.0,108.97,107.75,6750000.0,2019,6,728595000.0,-0.8086748759419171,Slight negative
96,2019-06-10,107.52,106.48,107.78,106.37,6330000.0,2019,6,680601600.0,-0.3891050583657574,Slight or No Change
97,2019-06-07,106.06,105.23,106.36,105.05,6810000.0,2019,6,722268600.0,-1.3578869047618958,Negative
98,2019-06-06,105.11,104.49,105.66,104.2,8060000.000000001,2019,6,847186600.0000001,-0.895719404110884,Slight negative
99,2019-06-05,104.42,102.75,104.78,102.6,6900000.0,2019,6,720498000.0,-0.6564551422319487,Slight negative
100,2019-06-04,102.56,102.61,102.65,101.44,5970000.0,2019,6,612283200.0,-1.7812679563302014,Negative
101,2019-06-03,101.96,101.63,102.68,101.4,6610000.0,2019,6,673955600.0,-0.5850234009360467,Slight negative
102,2019-05-31,101.44,101.35,102.02,100.6,5930000.0,2019,5,601539200.0,-0.5100039231070941,Slight negative
103,2019-05-30,102.19,102.49,103.49,101.91,5020000.0,2019,5,512993800.0,0.7393533123028373,Slight positive
104,2019-05-29,102.12,102.11,102.88,101.47,6520000.0,2019,5,665822400.0,-0.06849985321459862,Slight or No Change
105,2019-05-28,102.42,102.56,103.57,102.4,10270000.0,2019,5,1051853400.0,0.2937720329024618,Slight or No Change
106,2019-05-24,102.67,102.18,102.89,102.08,4480000.0,2019,5,459961600.0,0.24409295059557579,Slight or No Change
107,2019-05-23,101.86,101.82,101.93,100.93,6450000.0,2019,5,656997000.0,-0.7889354241745417,Slight negative
108,2019-05-22,102.23,101.6,102.43,101.06,7340000.0,2019,5,750368200.0,0.3632436677793116,Slight or No Change
109,2019-05-21,101.12,101.51,101.65,100.4,6890000.0,2019,5,696716800.0,-1.085786950992862,Negative
110,2019-05-20,101.52,100.39,101.98,100.25,7190000.0,2019,5,729928800.0,0.39556962025315556,Slight or No Change
111,2019-05-17,100.86,100.24,101.95,99.91,12370000.0,2019,5,1247638200.0,-0.6501182033096908,Slight negative
112,2019-05-16,101.31,102.83,103.96,100.84,17120000.0,2019,5,1734427200.0,0.4461629982153603,Slight or No Change
113,2019-05-15,99.88,100.2,100.36,99.13,6740000.0,2019,5,673191200.0,-1.4115092290988174,Negative
114,2019-05-14,100.29,100.14,100.86,99.89,6350000.0,2019,5,636841500.0,0.410492591109346,Slight or No Change
115,2019-05-13,99.89,100.45,101.15,99.01,7360000.0,2019,5,735190400.0,-0.3988433542726155,Slight or No Change
116,2019-05-10,101.91,99.76,102.11,99.7,8740000.0,2019,5,890693400.0,2.022224446891574,Positive
117,2019-05-09,99.54,99.27,99.94,98.85,6240000.0,2019,5,621129600.0,-2.3255813953488302,Negative
118,2019-05-08,100.3,100.25,101.03,99.86,5880000.0,2019,5,589764000.0,0.763512155917212,Slight positive
119,2019-05-07,101.3,101.8,102.17,100.76,4580000.0,2019,5,463954000.0,0.9970089730807485,Slight positive
120,2019-05-06,102.46,100.75,102.55,100.54,4610000.0,2019,5,472340600.0,1.1451135241855814,Positive
121,2019-05-03,102.08,102.32,102.75,101.8,5320000.0,2019,5,543065600.0,-0.37087643958617633,Slight or No Change
122,2019-05-02,101.15,101.43,102.06,100.24,5010000.0,2019,5,506761500.0,-0.911050156739801,Slight negative
123,2019-05-01,101.36,102.77,102.81,101.28,5340000.0,2019,5,541262400.0,0.20761245674740803,Slight or No Change
124,2019-04-30,102.84,101.77,102.92,101.45,6130000.0,2019,4,630409200.0,1.4601420678768795,Positive
125,2019-04-29,101.56,101.88,102.0,100.78,6380000.0,2019,4,647952800.0,-1.2446518864255185,Negative
126,2019-04-26,101.53,100.45,102.34,99.66,8109999.999999999,2019,4,823408299.9999999,-0.02953918865695737,Slight or No Change
127,2019-04-25,103.52,103.24,104.14,102.83,3960000.0,2019,4,409939200.0,1.9600118191667404,Positive
128,2019-04-24,103.53,103.14,103.85,103.09,4700000.0,2019,4,486591000.0,0.009659969088104958,Slight or No Change
129,2019-04-23,103.07,102.53,103.29,101.94,5050000.0,2019,4,520503499.99999994,-0.4443156572974116,Slight or No Change
130,2019-04-22,102.37,102.78,103.54,102.17,5080000.0,2019,4,520039600.0,-0.6791500921703553,Slight negative
131,2019-04-18,103.18,103.11,103.8,102.89,3730000.0,2019,4,384861400.0,0.791247435772191,Slight positive
132,2019-04-17,103.16,103.0,103.4,102.41,3730000.0,2019,4,384786800.0,-0.019383601473166312,Slight or No Change
133,2019-04-16,102.93,102.89,103.39,102.54,4830000.0,2019,4,497151900.00000006,-0.2229546335788979,Slight or No Change
134,2019-04-15,102.43,101.3,102.91,101.26,5110000.0,2019,4,523417300.00000006,-0.48576702613426503,Slight or No Change
135,2019-04-12,101.56,101.0,102.02,101.0,5160000.0,2019,4,524049600.0,-0.8493605389046199,Slight negative
136,2019-04-11,100.8,99.7,100.83,99.47,5610000.0,2019,4,565488000.0,-0.7483261126427831,Slight negative
137,2019-04-10,99.6,98.51,99.72,98.5,4090000.0,2019,4,407364000.0,-1.1904761904761973,Negative
138,2019-04-09,98.69,98.8,99.23,98.15,4370000.0,2019,4,431275300.0,-0.9136546184738914,Slight negative
139,2019-04-08,99.23,98.45,99.25,98.26,5420000.0,2019,4,537826600.0,0.5471678994832363,Slight positive
140,2019-04-05,98.83,98.25,99.2,98.16,4660000.0,2019,4,460547800.0,-0.4031039000302439,Slight or No Change
141,2019-04-04,98.11,97.25,98.28,97.24,4030000.0000000005,2019,4,395383300.00000006,-0.7285237276130729,Slight negative
142,2019-04-03,97.19,97.12,97.4,96.79,5690000.0,2019,4,553011100.0,-0.9377229640199825,Slight negative
143,2019-04-02,96.94,97.76,98.31,96.9,6270000.0,2019,4,607813800.0,-0.2572281098878526,Slight or No Change
144,2019-04-01,97.82,97.97,98.36,97.56,8510000.0,2019,4,832448200.0,0.907778007014648,Slight positive
145,2019-03-29,97.53,97.59,97.67,97.04,7440000.0,2019,3,725623200.0,-0.29646289102431833,Slight or No Change
146,2019-03-28,97.13,97.59,97.87,96.53,8050000.000000001,2019,3,781896500.0,-0.41013021634369595,Slight or No Change
147,2019-03-27,97.21,98.14,98.86,96.96,8470000.0,2019,3,823368700.0,0.08236384227324756,Slight or No Change
148,2019-03-26,98.32,98.36,98.85,98.03,4950000.0,2019,3,486683999.99999994,1.1418578335562257,Positive
149,2019-03-25,98.17,97.8,98.62,97.63,5410000.0,2019,3,531099700.0,-0.15256305939788106,Slight or No Change
150,2019-03-22,98.28,98.58,99.53,97.94,6710000.0,2019,3,659458800.0,0.11205052460019349,Slight or No Change
151,2019-03-21,99.06,98.25,99.13,98.1,6550000.0,2019,3,648843000.0,0.7936507936507908,Slight positive
152,2019-03-20,98.64,99.2,99.55,98.54,6320000.0,2019,3,623404800.0,-0.4239854633555473,Slight or No Change
153,2019-03-19,99.85,99.99,100.49,99.57,5410000.0,2019,3,540188500.0,1.2266828872668167,Positive
154,2019-03-18,99.66,98.3,99.77,98.26,5770000.0,2019,3,575038200.0,-0.19028542814221172,Slight or No Change
155,2019-03-15,98.42,98.28,98.51,97.6,14600000.0,2019,3,1436932000.0,-1.2442303833032242,Negative
156,2019-03-14,98.22,98.41,98.43,97.59,4930000.0,2019,3,484224600.0,-0.2032107295265262,Slight or No Change
157,2019-03-13,99.03,98.7,99.35,98.39,5480000.0,2019,3,542684400.0,0.8246792913866763,Slight positive
158,2019-03-12,98.37,98.53,98.74,98.05,5070000.0,2019,3,498735900.0,-0.6664647076643382,Slight negative
159,2019-03-11,98.48,98.04,98.58,97.82,5350000.0,2019,3,526868000.0,0.11182271017586842,Slight or No Change
160,2019-03-08,97.59,97.55,98.42,97.0,5660000.0,2019,3,552359400.0,-0.9037367993501189,Slight negative
161,2019-03-07,97.45,97.71,98.2,97.23,6130000.0,2019,3,597368500.0,-0.1434573214468715,Slight or No Change
162,2019-03-06,98.26,98.27,99.0,97.86,4700000.0,2019,3,461822000.0,0.8311954848640335,Slight positive
163,2019-03-05,98.34,98.13,99.19,98.09,6120000.0,2019,3,601840800.0,0.0814166497048685,Slight or No Change
164,2019-03-04,97.85,98.12,98.59,97.37,7680000.0,2019,3,751488000.0,-0.4982713036404407,Slight or No Change
165,2019-03-01,97.93,99.47,99.56,97.12,10350000.0,2019,3,1013575500.0000001,0.08175779253960513,Slight or No Change
166,2019-02-28,98.99,98.11,99.47,97.77,11380000.0,2019,2,1126506200.0,1.082405800061248,Positive
167,2019-02-27,98.11,98.12,98.39,97.59,7900000.0,2019,2,775069000.0,-0.8889786847156245,Slight negative
168,2019-02-26,98.69,99.02,99.06,97.87,8490000.0,2019,2,837878100.0,0.5911731729691061,Slight positive
169,2019-02-25,99.12,100.12,100.13,99.05,9230000.0,2019,2,914877600.0,0.43570777181072273,Slight or No Change
170,2019-02-22,99.55,99.82,100.16,99.14,8090000.0,2019,2,805359500.0,0.4338175948345402,Slight or No Change
171,2019-02-21,99.39,99.66,99.92,98.91,6410000.0,2019,2,637089900.0,-0.16072325464590032,Slight or No Change
172,2019-02-20,99.88,101.81,102.34,98.65,17630000.0,2019,2,1760884400.0,0.4930073448032868,Slight or No Change
173,2019-02-19,102.2,102.38,104.18,102.07,20700000.0,2019,2,2115540000.0,2.3227873448137926,Positive
174,2019-02-15,99.99,98.98,100.0,98.86,9480000.0,2019,2,947905200.0,-2.1624266144814164,Negative
175,2019-02-14,98.52,97.68,99.2,97.02,7200000.0,2019,2,709344000.0,-1.4701470147014728,Negative
176,2019-02-13,97.94,97.3,98.0,97.09,5460000.0,2019,2,534752400.0,-0.5887129516849332,Slight negative
177,2019-02-12,96.97,96.82,97.17,96.5,5880000.0,2019,2,570183600.0,-0.9904022871145557,Slight negative
178,2019-02-11,96.2,95.65,96.35,95.64,5540000.0,2019,2,532948000.0,-0.7940600185624369,Slight negative
179,2019-02-08,95.58,96.34,96.69,95.14,6170000.0,2019,2,589728600.0,-0.6444906444906473,Slight negative
180,2019-02-07,96.73,95.11,96.82,95.0,7010000.0,2019,2,678077300.0,1.2031805817116714,Positive
181,2019-02-06,95.64,95.43,96.01,95.22,4260000.0,2019,2,407426400.0,-1.1268479272200982,Negative
182,2019-02-05,95.6,95.25,95.94,95.02,6100000.0,2019,2,583160000.0,-0.04182350480971264,Slight or No Change
183,2019-02-04,94.77,93.86,94.77,93.35,7270000.0,2019,2,688977900.0,-0.8682008368200766,Slight negative
184,2019-02-01,93.86,95.92,96.0,93.11,12590000.0,2019,2,1181697400.0,-0.9602194787379892,Slight negative
185,2019-01-31,95.83,94.63,96.87,94.63,14720000.0,2019,1,1410617600.0,2.098870658427443,Positive
186,2019-01-30,94.8,96.68,96.8,94.26,11850000.0,2019,1,1123380000.0,-1.074819993738918,Negative
187,2019-01-29,96.71,96.77,97.16,96.51,5250000.0,2019,1,507727499.99999994,2.0147679324894474,Positive
188,2019-01-28,97.06,96.53,97.07,96.08,5880000.0,2019,1,570712800.0,0.36190673146521135,Slight or No Change
189,2019-01-25,96.94,98.75,98.91,96.75,7220000.0,2019,1,699906800.0,-0.12363486503194077,Slight or No Change
190,2019-01-24,98.36,98.2,98.46,96.43,7610000.0,2019,1,748519600.0,1.4648236022281935,Positive
191,2019-01-23,98.71,98.87,99.35,97.53,8350000.0,2019,1,824228500.0,0.35583570557136124,Slight or No Change
192,2019-01-22,97.49,97.15,98.43,96.78,8060000.000000001,2019,1,785769400.0,-1.2359436733866858,Negative
193,2019-01-18,97.73,96.95,98.2,96.85,6120000.0,2019,1,598107600.0,0.2461790952918319,Slight or No Change
194,2019-01-17,96.74,96.32,97.21,96.16,5610000.0,2019,1,542711400.0,-1.012994986186444,Negative
195,2019-01-16,96.35,95.93,96.86,95.83,5410000.0,2019,1,521253499.99999994,-0.403142443663429,Slight or No Change
196,2019-01-15,96.25,95.47,96.6,95.38,7060000.0,2019,1,679525000.0,-0.10378827192526474,Slight or No Change
197,2019-01-14,94.95,94.48,95.45,94.28,7090000.0,2019,1,673195500.0,-1.3506493506493467,Negative
198,2019-01-11,94.84,94.99,95.29,94.55,5390000.0,2019,1,511187600.0,-0.11585044760400454,Slight or No Change
199,2019-01-10,94.96,93.88,94.98,93.12,9400000.0,2019,1,892624000.0,0.1265288907633888,Slight or No Change
200,2019-01-09,94.89,95.71,96.14,94.77,6270000.0,2019,1,594960300.0,-0.07371524852568534,Slight or No Change
201,2019-01-08,95.2,95.06,95.75,93.91,7200000.0,2019,1,685440000.0,0.32669406681420377,Slight or No Change
202,2019-01-07,94.54,93.62,95.17,93.18,7790000.0,2019,1,736466600.0,-0.6932773109243673,Slight negative
203,2019-01-04,93.44,93.21,93.66,92.69,8029999.999999999,2019,1,750323199.9999999,-1.1635286651152987,Negative
204,2019-01-03,92.86,93.21,94.71,92.7,8279999.999999999,2019,1,768880799.9999999,-0.6207191780821852,Slight negative
205,2019-01-02,93.34,91.64,93.65,91.64,8150000.0,2019,1,760721000.0,0.5169071720870111,Slight positive
206,2018-12-31,93.15,92.67,93.39,92.25,7010000.0,2018,12,652981500.0,-0.20355688879365452,Slight or No Change
207,2018-12-28,92.13,92.07,93.47,91.64,9870000.0,2018,12,909323100.0,-1.0950080515298,Negative
208,2018-12-27,91.59,89.75,91.61,88.44,9880000.0,2018,12,904909200.0,-0.5861282969716664,Slight negative
209,2018-12-26,90.41,86.42,90.42,86.3,10030000.0,2018,12,906812300.0,-1.2883502565782412,Negative
210,2018-12-24,85.82,86.54,87.56,85.78,6110000.0,2018,12,524360199.99999994,-5.076872027430602,Among top losers
211,2018-12-21,87.13,86.87,89.47,86.8,14920000.0,2018,12,1299979600.0,1.5264507107900283,Positive
212,2018-12-20,87.28,90.11,90.11,86.14,16370000.000000002,2018,12,1428773600.0000002,0.17215654768736322,Slight or No Change
213,2018-12-19,90.55,91.29,93.0,90.25,12230000.0,2018,12,1107426500.0,3.7465627864344597,Among top gainers
214,2018-12-18,91.08,90.8,91.26,90.28,9610000.0,2018,12,875278800.0,0.5853119823302055,Slight positive
215,2018-12-17,90.77,91.22,92.01,90.16,9000000.0,2018,12,816930000.0,-0.3403601229688191,Slight or No Change
216,2018-12-14,91.85,92.05,92.56,91.57,11490000.0,2018,12,1055356499.9999999,1.1898204252506206,Positive
217,2018-12-13,92.96,93.25,93.68,92.43,8039999.999999999,2018,12,747398399.9999999,1.208492106695691,Positive
218,2018-12-12,93.11,94.3,94.3,93.06,9640000.0,2018,12,897580400.0,0.16135972461275294,Slight or No Change
219,2018-12-11,93.85,94.25,94.49,93.25,6450000.0,2018,12,605332500.0,0.7947588873375544,Slight positive
220,2018-12-10,93.94,93.56,94.25,92.34,7280000.0,2018,12,683883200.0,0.09589770911029305,Slight or No Change
221,2018-12-07,93.19,94.5,95.13,92.45,8500000.0,2018,12,792115000.0,-0.7983819459229324,Slight negative
222,2018-12-06,94.77,94.94,95.41,93.1,10370000.0,2018,12,982764900.0,1.6954608863611886,Positive
223,2018-12-04,95.81,98.25,98.96,95.61,10430000.0,2018,12,999298300.0,1.0973936899862924,Positive
224,2018-12-03,98.75,98.02,99.59,97.67,9080000.0,2018,12,896650000.0,3.068573217826942,Among top gainers
225,2018-11-30,97.65,97.4,98.43,97.07,10660000.0,2018,11,1040949000.0000001,-1.1139240506329084,Negative
226,2018-11-29,97.29,97.02,97.83,96.74,6240000.0,2018,11,607089600.0,-0.36866359447004227,Slight or No Change
227,2018-11-28,97.46,95.45,97.62,95.05,10070000.0,2018,11,981422199.9999999,0.17473532737175557,Slight or No Change
228,2018-11-27,95.04,94.99,95.54,94.41,9040000.0,2018,11,859161600.0,-2.483069977426622,Negative
229,2018-11-26,95.15,95.69,96.07,94.74,10030000.0,2018,11,954354500.0,0.11574074074074403,Slight or No Change
230,2018-11-23,95.1,94.13,95.55,94.13,4890000.0,2018,11,465039000.0,-0.05254860746191081,Slight or No Change
231,2018-11-21,94.17,94.36,94.92,93.31,9350000.0,2018,11,880489500.0,-0.9779179810725513,Slight negative
232,2018-11-20,94.16,94.98,95.2,93.6,12620000.0,2018,11,1188299200.0,-0.010619093129449197,Slight or No Change
233,2018-11-19,96.78,97.94,98.25,96.43,9210000.0,2018,11,891343800.0,2.782497875955814,Positive
234,2018-11-16,97.69,98.82,99.42,96.92,14240000.0,2018,11,1391105600.0,0.9402769167183189,Slight positive
235,2018-11-15,99.54,102.32,102.8,98.62,16079999.999999998,2018,11,1600603200.0,1.8937455215477517,Positive
236,2018-11-14,101.53,103.0,103.15,101.01,10480000.0,2018,11,1064034400.0,1.9991963029937665,Positive
237,2018-11-13,102.94,103.67,104.15,102.54,7960000.0,2018,11,819402400.0,1.388752092977441,Positive
238,2018-11-12,103.87,105.5,106.21,103.65,8940000.0,2018,11,928597800.0,0.9034388964445306,Slight positive
239,2018-11-09,105.56,105.0,105.9,104.81,8450000.0,2018,11,891982000.0,1.6270337922402955,Positive
240,2018-11-08,104.88,104.33,105.26,104.03,5960000.0,2018,11,625084800.0,-0.6441834028040994,Slight negative
241,2018-11-07,104.32,103.66,104.47,103.05,8670000.0,2018,11,904454400.0,-0.5339435545385185,Slight negative
242,2018-11-06,103.33,102.54,103.44,102.05,6370000.0,2018,11,658212100.0,-0.949003067484655,Slight negative
243,2018-11-05,102.91,101.19,103.17,100.63,7620000.0,2018,11,784174200.0,-0.40646472466854267,Slight or No Change
244,2018-11-02,101.34,100.88,101.57,100.31,7300000.0,2018,11,739782000.0,-1.5256048974832348,Negative
245,2018-11-01,100.58,99.96,101.17,99.72,7740000.0,2018,11,778489200.0,-0.7499506611407192,Slight negative
246,2018-10-31,100.28,102.49,102.49,100.11,12350000.0,2018,10,1238458000.0,-0.2982700338039379,Slight or No Change
247,2018-10-30,102.42,100.21,102.6,100.06,12710000.0,2018,10,1301758200.0,2.1340247307538807,Positive
248,2018-10-29,99.8,99.51,101.73,99.09,12710000.0,2018,10,1268458000.0,-2.5580941222417497,Negative
249,2018-10-26,98.94,98.81,99.67,98.02,14930000.0,2018,10,1477174200.0,-0.8617234468937918,Slight negative
250,2018-10-25,99.18,98.01,99.48,97.0,10740000.0,2018,10,1065193200.0000001,0.24257125530624535,Slight or No Change
251,2018-10-24,97.56,97.5,99.17,97.28,10360000.0,2018,10,1010721600.0,-1.6333938294010975,Negative
252,2018-10-23,97.8,96.5,97.98,96.11,9410000.0,2018,10,920298000.0,0.24600246002459691,Slight or No Change
253,2018-10-22,97.14,97.34,97.58,96.74,7120000.0,2018,10,691636800.0,-0.6748466257668673,Slight negative
254,2018-10-19,97.15,96.0,97.65,96.0,8950000.0,2018,10,869492500.0,0.010294420424128425,Slight or No Change
255,2018-10-18,96.17,96.4,97.25,95.74,11400000.0,2018,10,1096338000.0,-1.0087493566649508,Negative
256,2018-10-17,96.56,95.18,96.62,94.9,9540000.0,2018,10,921182400.0,0.4055318706457367,Slight or No Change
257,2018-10-16,95.81,94.7,96.07,94.34,11240000.0,2018,10,1076904400.0,-0.7767191383595717,Slight negative
258,2018-10-15,93.82,94.5,94.99,93.82,8310000.000000001,2018,10,779644200.0,-2.0770274501617836,Negative
259,2018-10-12,94.81,94.76,95.17,93.67,8550000.0,2018,10,810625500.0,1.0552121082924915,Positive
260,2018-10-11,93.92,95.81,96.29,93.6,9930000.0,2018,10,932625600.0,-0.9387195443518626,Slight negative
261,2018-10-10,95.76,96.6,97.85,95.7,9000000.0,2018,10,861840000.0,1.9591141396933631,Positive
262,2018-10-09,97.08,95.64,97.74,95.19,11600000.0,2018,10,1126128000.0,1.3784461152882121,Positive
263,2018-10-08,94.69,93.25,94.93,93.02,5760000.0,2018,10,545414400.0,-2.4618871034198575,Negative
264,2018-10-05,93.31,93.86,94.19,92.89,6690000.0,2018,10,624243900.0,-1.457387263702603,Negative
265,2018-10-04,94.21,94.07,94.5,93.2,6050000.0,2018,10,569970500.0,0.9645268459971934,Slight positive
266,2018-10-03,94.07,95.5,95.54,94.04,6330000.0,2018,10,595463100.0,-0.14860418214627247,Slight or No Change
267,2018-10-02,95.15,93.93,95.61,93.85,7750000.0,2018,10,737412500.0,1.1480812161156706,Positive
268,2018-10-01,94.4,94.29,94.66,94.04,5000000.0,2018,10,472000000.0,-0.788229111928529,Slight negative
269,2018-09-28,93.91,94.28,94.37,93.69,6310000.0,2018,9,592572100.0,-0.5190677966101842,Slight negative
270,2018-09-27,94.13,94.19,94.96,93.82,5360000.0,2018,9,504536800.0,0.2342668512405499,Slight or No Change
271,2018-09-26,94.59,95.1,95.58,94.52,5920000.0,2018,9,559972800.0,0.4886858599808752,Slight or No Change
272,2018-09-25,95.1,95.99,96.52,94.99,6190000.0,2018,9,588669000.0,0.5391690453536269,Slight positive
273,2018-09-24,94.92,95.44,96.0,94.86,5340000.0,2018,9,506872800.0,-0.18927444794951676,Slight or No Change
274,2018-09-21,95.9,95.92,96.29,95.63,9530000.0,2018,9,913927000.0,1.0324483775811188,Positive
275,2018-09-20,95.75,95.35,95.79,94.95,5550000.0,2018,9,531412500.0,-0.15641293013556323,Slight or No Change
276,2018-09-19,95.24,95.57,95.89,94.88,5680000.0,2018,9,540963200.0,-0.5326370757180232,Slight negative
277,2018-09-18,95.43,94.46,95.59,94.15,6760000.0,2018,9,645106800.0,0.19949601007980267,Slight or No Change
278,2018-09-17,94.82,94.75,95.48,94.37,5330000.0,2018,9,505390599.99999994,-0.6392119878445124,Slight negative
279,2018-09-14,94.59,94.53,94.84,94.35,6320000.0,2018,9,597808800.0,-0.24256485973421782,Slight or No Change
280,2018-09-13,95.12,95.32,95.62,94.91,7650000.0,2018,9,727668000.0,0.5603129294851517,Slight positive
281,2018-09-12,95.97,96.26,96.74,95.93,5900000.0,2018,9,566223000.0,0.8936080740117758,Slight positive
282,2018-09-11,96.64,97.27,97.66,96.49,6460000.0,2018,9,624294400.0,0.6981348338022331,Slight positive
283,2018-09-10,96.9,96.11,97.19,96.09,8330000.0,2018,9,807177000.0,0.2690397350993523,Slight or No Change
284,2018-09-07,95.83,95.8,96.48,95.64,6670000.0,2018,9,639186100.0,-1.104231166150682,Negative
285,2018-09-06,96.45,96.53,96.72,96.01,6150000.0,2018,9,593167500.0,0.6469790253574192,Slight positive
286,2018-09-05,96.62,95.67,96.83,95.36,9470000.0,2018,9,914991400.0,0.17625712804563154,Slight or No Change
287,2018-09-04,95.36,95.8,96.27,95.24,8279999.999999999,2018,9,789580799.9999999,-1.3040778306768863,Negative
288,2018-08-31,95.86,96.19,96.44,95.11,6320000.0,2018,8,605835200.0,0.5243288590603967,Slight positive
289,2018-08-30,96.1,95.5,96.5,95.45,7060000.0,2018,8,678466000.0,0.2503651157938602,Slight or No Change
290,2018-08-29,95.64,96.28,96.83,95.53,7860000.0,2018,8,751730400.0,-0.47866805411029834,Slight or No Change
291,2018-08-28,96.07,94.77,96.35,94.53,9980000.0,2018,8,958778599.9999999,0.4496026767043082,Slight or No Change
292,2018-08-27,94.54,95.26,95.61,94.28,7040000.0,2018,8,665561600.0,-1.592588737378986,Negative
293,2018-08-24,94.95,95.09,95.66,94.35,8590000.0,2018,8,815620500.0,0.4336788660884272,Slight or No Change
294,2018-08-23,95.18,95.5,95.86,95.06,6100000.0,2018,8,580598000.0,0.24223275408110645,Slight or No Change
295,2018-08-22,95.67,96.2,96.85,95.23,7770000.0,2018,8,743355900.0,0.5148140365623055,Slight positive
296,2018-08-21,96.08,95.96,96.36,95.36,10530000.0,2018,8,1011722400.0,0.4285564962893229,Slight or No Change
297,2018-08-20,96.0,97.67,98.29,95.95,12680000.0,2018,8,1217280000.0,-0.08326394671107629,Slight or No Change
298,2018-08-17,97.85,97.77,99.67,97.61,16460000.0,2018,8,1610611000.0,1.9270833333333348,Positive
299,2018-08-16,98.64,100.11,100.21,97.91,42630000.0,2018,8,4205023200.0,0.8073582013285785,Slight positive
300,2018-08-15,90.22,90.25,90.41,89.67,8620000.0,2018,8,777696400.0,-8.536090835360909,Bear drop
301,2018-08-14,90.85,89.64,91.12,89.63,5840000.0,2018,8,530563999.99999994,0.6982930614054528,Slight positive
302,2018-08-13,89.64,90.2,90.54,89.37,5880000.0,2018,8,527083200.0,-1.3318657127132538,Negative
303,2018-08-10,90.18,88.7,90.37,88.65,8240000.0,2018,8,743083200.0,0.6024096385542244,Slight positive
304,2018-08-09,89.01,89.46,89.63,88.76,4730000.0,2018,8,421017300.0,-1.2974051896207595,Negative
305,2018-08-08,90.05,89.97,90.23,89.37,5040000.0,2018,8,453852000.0,1.1684080440399924,Positive
306,2018-08-07,89.77,89.83,90.36,89.65,4530000.0,2018,8,406658100.0,-0.3109383675735766,Slight or No Change
307,2018-08-06,89.67,89.31,89.98,89.12,4650000.0,2018,8,416965500.0,-0.11139578923916593,Slight or No Change
308,2018-08-03,89.6,89.19,90.28,89.0,5750000.0,2018,8,515199999.99999994,-0.07806401249025319,Slight or No Change
309,2018-08-02,88.76,87.94,88.84,87.62,4310000.0,2018,8,382555600.0,-0.9374999999999911,Slight negative
310,2018-08-01,88.24,88.86,89.13,87.88,5050000.0,2018,8,445612000.0,-0.585849481748546,Slight negative
311,2018-07-31,89.23,89.0,89.66,88.8,6710000.0,2018,7,598733300.0,1.121940163191315,Positive
312,2018-07-30,88.88,88.0,88.94,87.89,6010000.0,2018,7,534168800.0,-0.3922447607307089,Slight or No Change
313,2018-07-27,88.13,88.64,88.88,88.03,4680000.0,2018,7,412448400.0,-0.8438343834383466,Slight negative
314,2018-07-26,88.23,88.5,89.43,88.18,6550000.0,2018,7,577906500.0,0.11346873936231017,Slight or No Change
315,2018-07-25,87.9,87.27,88.02,87.11,5800000.0,2018,7,509820000.00000006,-0.37402244134647766,Slight or No Change
316,2018-07-24,87.96,88.12,88.5,87.61,5590000.0,2018,7,491696399.99999994,0.06825938566552558,Slight or No Change
317,2018-07-23,87.63,87.65,88.15,87.38,4150000.0000000005,2018,7,363664500.0,-0.3751705320600207,Slight or No Change
318,2018-07-20,88.06,87.4,88.17,87.2,4820000.0,2018,7,424449200.0,0.4906995321237062,Slight or No Change
319,2018-07-19,87.72,87.86,88.48,87.41,4880000.0,2018,7,428073600.0,-0.38610038610038533,Slight or No Change
320,2018-07-18,88.07,88.33,89.19,87.94,5050000.0,2018,7,444753499.99999994,0.3989968080255313,Slight or No Change
321,2018-07-17,88.19,87.4,88.7,87.4,5910000.0,2018,7,521202900.0,0.13625525150449125,Slight or No Change
322,2018-07-16,87.64,87.62,87.72,86.83,4450000.0,2018,7,389998000.0,-0.623653475450725,Slight negative
323,2018-07-13,87.7,86.52,87.99,86.5,6390000.0,2018,7,560403000.0,0.0684618895481437,Slight or No Change
324,2018-07-12,86.52,86.94,87.41,86.22,4890000.0,2018,7,423082800.0,-1.3454960091220158,Negative
325,2018-07-11,86.53,87.06,87.15,86.39,5600000.0,2018,7,484568000.0,0.011558021266755425,Slight or No Change
326,2018-07-10,87.21,85.93,87.33,85.88,6050000.0,2018,7,527620499.99999994,0.7858546168958647,Slight positive
327,2018-07-09,85.93,85.0,86.47,84.77,6580000.0,2018,7,565419400.0,-1.467721591560589,Negative
328,2018-07-06,84.51,84.2,84.86,83.82,5620000.0,2018,7,474946200.0,-1.6525078552310002,Negative
329,2018-07-05,84.57,84.94,85.58,84.27,5370000.0,2018,7,454140899.99999994,0.07099751508696794,Slight or No Change
330,2018-07-03,84.44,84.09,85.05,84.09,4400000.0,2018,7,371536000.0,-0.15371881281778244,Slight or No Change
331,2018-07-02,84.0,85.65,85.94,83.4,8130000.000000001,2018,7,682920000.0000001,-0.5210800568450913,Slight negative
332,2018-06-29,85.65,85.9,86.2,85.52,8260000.0,2018,6,707469000.0,1.9642857142857295,Positive
333,2018-06-28,85.86,86.85,87.29,85.69,8470000.0,2018,6,727234200.0,0.24518388791592294,Slight or No Change
334,2018-06-27,86.89,85.9,87.49,85.55,10300000.0,2018,6,894967000.0,1.199627300256223,Positive
335,2018-06-26,85.98,86.53,87.05,85.76,10130000.0,2018,6,870977400.0,-1.0473011854068348,Negative
336,2018-06-25,86.47,84.59,86.6,84.48,15940000.0,2018,6,1378331800.0,0.5698999767387747,Slight positive
337,2018-06-22,84.82,84.46,84.85,84.1,11010000.0,2018,6,933868199.9999999,-1.9081762460969154,Negative
338,2018-06-21,84.21,83.4,84.55,82.89,8090000.0,2018,6,681258900.0,-0.7191700070737994,Slight negative
339,2018-06-20,83.61,83.71,83.82,83.16,7970000.0,2018,6,666371700.0,-0.7125044531528291,Slight negative
340,2018-06-19,83.61,82.6,83.62,82.37,9350000.0,2018,6,781753500.0,0.0,Slight or No Change
341,2018-06-18,83.0,83.05,83.57,82.82,8500000.0,2018,6,705500000.0,-0.7295778016983556,Slight negative
342,2018-06-15,83.7,83.5,83.99,83.06,12500000.0,2018,6,1046250000.0,0.8433734939758963,Slight positive
343,2018-06-14,83.79,84.22,84.81,83.67,7520000.0,2018,6,630100800.0,0.10752688172044333,Slight or No Change
344,2018-06-13,84.09,83.89,84.37,83.85,6360000.0,2018,6,534812400.0,0.358037952022916,Slight or No Change
345,2018-06-12,84.1,84.32,84.59,83.47,8060000.000000001,2018,6,677846000.0,0.011892020454262742,Slight or No Change
346,2018-06-11,84.3,84.41,84.54,83.79,6250000.0,2018,6,526875000.0,0.23781212841855748,Slight or No Change
347,2018-06-08,84.36,84.78,85.19,84.14,7600000.0,2018,6,641136000.0,0.0711743772241924,Slight or No Change
348,2018-06-07,84.95,84.78,85.76,84.69,7710000.0,2018,6,654964500.0,0.6993835941204507,Slight positive
349,2018-06-06,84.56,84.95,85.15,84.35,7360000.0,2018,6,622361600.0,-0.4590935844614452,Slight or No Change
350,2018-06-05,84.62,85.45,85.47,84.25,8279999.999999999,2018,6,700653600.0,0.07095553453169146,Slight or No Change
351,2018-06-04,85.42,83.5,85.52,83.3,10920000.0,2018,6,932786400.0,0.9454029780193718,Slight positive
352,2018-06-01,82.99,83.04,83.42,82.85,5240000.0,2018,6,434867600.0,-2.844767033481632,Negative
353,2018-05-31,82.54,83.94,84.31,82.51,11470000.0,2018,5,946733800.0000001,-0.5422340040968643,Slight negative
354,2018-05-30,84.12,82.45,84.23,82.26,9310000.0,2018,5,783157200.0,1.9142234068330488,Positive
355,2018-05-29,82.4,81.96,82.52,81.81,8430000.0,2018,5,694632000.0,-2.044698050404181,Negative
356,2018-05-25,82.46,82.85,83.34,82.32,5910000.0,2018,5,487338599.99999994,0.07281553398057472,Slight or No Change
357,2018-05-24,82.85,83.0,83.0,81.78,8580000.0,2018,5,710853000.0,0.47295658501091964,Slight or No Change
358,2018-05-23,83.01,82.95,83.02,82.17,9400000.0,2018,5,780294000.0,0.19312009656005102,Slight or No Change
359,2018-05-22,83.37,84.5,84.81,83.29,8070000.0,2018,5,672795900.0,0.4336826888326595,Slight or No Change
360,2018-05-21,84.51,84.14,84.54,83.82,10720000.0,2018,5,905947200.0,1.3673983447283211,Positive
361,2018-05-18,83.64,84.24,84.44,83.49,12040000.0,2018,5,1007025600.0,-1.0294639687611018,Negative
362,2018-05-17,84.49,87.04,87.59,83.85,29720000.0,2018,5,2511042800.0,1.0162601626016121,Positive
363,2018-05-16,86.13,84.87,86.62,84.74,13730000.0,2018,5,1182564900.0,1.941058113386207,Positive
364,2018-05-15,84.52,84.06,84.88,83.8,9320000.0,2018,5,787726400.0,-1.8692673865087661,Negative
365,2018-05-14,84.39,83.89,84.79,83.65,9500000.0,2018,5,801705000.0,-0.15380974917178492,Slight or No Change
366,2018-05-11,83.38,82.69,83.52,81.95,9930000.0,2018,5,827963400.0,-1.1968242682782404,Negative
367,2018-05-10,82.69,82.64,83.77,82.01,15860000.0,2018,5,1311463400.0,-0.8275365795154643,Slight negative
368,2018-05-09,83.06,82.56,83.68,82.0,32270000.000000004,2018,5,2680346200.0000005,0.447454347563192,Slight or No Change
369,2018-05-08,85.74,85.52,85.85,84.92,6550000.0,2018,5,561597000.0,3.226583192872612,Among top gainers
370,2018-05-07,85.47,87.49,87.5,85.27,10780000.0,2018,5,921366600.0,-0.31490552834149144,Slight or No Change
371,2018-05-04,87.53,86.0,88.1,85.36,6970000.0,2018,5,610084100.0,2.410202410202422,Positive
372,2018-05-03,86.23,86.19,86.29,85.12,6880000.0,2018,5,593262400.0,-1.485205072546547,Negative
373,2018-05-02,86.34,87.13,87.25,86.16,6080000.0,2018,5,524947200.0,0.1275658123622847,Slight or No Change
374,2018-05-01,87.41,87.67,88.01,86.35,6960000.0,2018,5,608373600.0,1.2392865415797871,Positive
375,2018-04-30,88.46,87.94,89.66,87.92,8690000.0,2018,4,768717400.0,1.2012355565724775,Positive
376,2018-04-27,87.29,87.87,87.9,87.08,5650000.0,2018,4,493188500.00000006,-1.3226316979425556,Negative
377,2018-04-26,87.94,87.17,88.32,86.9,5780000.0,2018,4,508293200.0,0.7446442891510863,Slight positive
378,2018-04-25,87.17,86.32,87.7,85.89,6760000.0,2018,4,589269200.0,-0.875596997953143,Slight negative
379,2018-04-24,86.53,86.77,86.91,85.57,8470000.0,2018,4,732909100.0,-0.73419754502696,Slight negative
380,2018-04-23,86.1,86.89,87.08,86.02,7360000.0,2018,4,633696000.0,-0.4969374783312275,Slight or No Change
381,2018-04-20,86.98,87.87,88.38,86.67,8320000.0,2018,4,723673600.0,1.0220673635307875,Positive
382,2018-04-19,87.89,87.41,88.04,86.58,6590000.0,2018,4,579195100.0,1.0462175212692548,Positive
383,2018-04-18,87.57,88.2,88.56,87.51,5850000.0,2018,4,512284499.99999994,-0.3640914779838522,Slight or No Change
384,2018-04-17,87.9,87.48,88.17,87.41,6800000.0,2018,4,597720000.0,0.37684138403564216,Slight or No Change
385,2018-04-16,86.84,86.2,87.65,86.12,7020000.0,2018,4,609616800.0,-1.205915813424352,Negative
386,2018-04-13,86.02,85.89,86.27,85.19,7560000.0,2018,4,650311200.0,-0.9442653155228076,Slight negative
387,2018-04-12,85.43,86.19,86.83,85.41,6860000.0,2018,4,586049800.0,-0.685887003022545,Slight negative
388,2018-04-11,85.91,86.0,86.86,85.8,6280000.0,2018,4,539514800.0,0.561863513988059,Slight positive
389,2018-04-10,86.45,86.84,87.1,85.66,9730000.0,2018,4,841158500.0,0.628564777092322,Slight positive
390,2018-04-09,86.28,86.85,87.45,86.24,8369999.999999999,2018,4,722163599.9999999,-0.19664545980335735,Slight or No Change
391,2018-04-06,86.69,86.83,87.9,86.13,6350000.0,2018,4,550481500.0,0.47519703291607485,Slight or No Change
392,2018-04-05,87.81,87.6,88.34,87.05,6380000.0,2018,4,560227800.0,1.2919598569615998,Positive
393,2018-04-04,87.22,85.6,87.5,85.44,6540000.0,2018,4,570418800.0,-0.6719052499715383,Slight negative
394,2018-04-03,86.8,86.25,86.95,85.55,9700000.0,2018,4,841960000.0,-0.48154093097912964,Slight or No Change
395,2018-04-02,85.55,88.0,88.24,84.84,19130000.0,2018,4,1636571500.0,-1.440092165898621,Negative
396,2018-03-29,88.97,87.9,89.34,87.77,9270000.0,2018,3,824751900.0,3.997662185856221,Among top gainers
397,2018-03-28,87.77,86.26,88.24,86.19,11580000.0,2018,3,1016376600.0,-1.3487692480611435,Negative
398,2018-03-27,86.05,87.96,88.04,85.48,6550000.0,2018,3,563627500.0,-1.9596673122934893,Negative
399,2018-03-26,87.5,86.22,87.69,86.11,9200000.0,2018,3,805000000.0,1.685066821615333,Positive
400,2018-03-23,85.42,87.35,87.74,85.28,10130000.0,2018,3,865304600.0,-2.3771428571428554,Negative
401,2018-03-22,87.14,87.53,88.27,86.99,12250000.0,2018,3,1067465000.0,2.0135799578552938,Positive
402,2018-03-21,88.18,87.89,89.68,87.68,11840000.0,2018,3,1044051200.0000001,1.193481753500114,Positive
403,2018-03-20,87.95,87.86,88.15,87.37,8260000.0,2018,3,726467000.0,-0.260830120208666,Slight or No Change
404,2018-03-19,87.45,88.91,89.08,87.1,12050000.0,2018,3,1053772500.0,-0.5685048322910724,Slight negative
405,2018-03-16,89.17,87.72,90.09,87.5,28400000.0,2018,3,2532428000.0,1.9668381932532952,Positive
406,2018-03-15,87.51,87.68,88.79,85.9,16620000.000000002,2018,3,1454416200.0000002,-1.861612649994393,Negative
407,2018-03-14,87.67,88.51,88.99,87.5,11040000.0,2018,3,967876800.0,0.18283624728601122,Slight or No Change
408,2018-03-13,88.3,88.39,88.9,87.98,7170000.0,2018,3,633111000.0,0.7186038553667062,Slight positive
409,2018-03-12,88.07,88.7,89.44,87.88,8470000.0,2018,3,745952900.0,-0.2604756511891293,Slight or No Change
410,2018-03-09,88.72,88.24,88.72,87.53,9750000.0,2018,3,865020000.0,0.7380492789826443,Slight positive
411,2018-03-08,87.92,87.77,88.13,87.34,9590000.0,2018,3,843152800.0,-0.9017132551848439,Slight negative
412,2018-03-07,87.74,87.98,88.53,87.33,11450000.0,2018,3,1004623000.0,-0.20473157415833443,Slight or No Change
413,2018-03-06,89.06,90.35,90.5,88.63,11050000.0,2018,3,984113000.0,1.5044449509915792,Positive
414,2018-03-05,89.98,88.14,90.5,88.07,13380000.0,2018,3,1203932400.0,1.0330114529530698,Positive
415,2018-03-02,88.77,87.27,88.9,87.24,19040000.0,2018,3,1690180800.0,-1.344743276283622,Negative
416,2018-03-01,89.08,90.17,90.18,87.71,18910000.0,2018,3,1684502800.0,0.3492170778416126,Slight or No Change
417,2018-02-28,90.01,92.0,92.1,90.0,14140000.0,2018,2,1272741400.0,1.0440053884149147,Positive
418,2018-02-27,91.52,93.63,93.72,91.51,13380000.0,2018,2,1224537600.0,1.6775913787356878,Positive
419,2018-02-26,93.12,92.9,93.8,92.22,14700000.0,2018,2,1368864000.0,1.7482517482517501,Positive
420,2018-02-23,92.89,92.88,93.49,91.76,12790000.0,2018,2,1188063100.0,-0.24699312714776545,Slight or No Change
421,2018-02-22,92.77,91.43,93.39,91.31,20360000.0,2018,2,1888797200.0,-0.12918505759500487,Slight or No Change
422,2018-02-21,91.52,95.11,95.34,91.24,49500000.0,2018,2,4530240000.0,-1.3474183464482037,Negative
423,2018-02-20,94.11,96.99,97.94,94.1,52090000.0,2018,2,4902189900.0,2.829982517482521,Positive
424,2018-02-16,104.78,103.09,104.94,101.98,16059999.999999998,2018,2,1682766799.9999998,11.33779619594093,Bull run
425,2018-02-15,103.23,102.55,103.64,101.83,7490000.0,2018,2,773192700.0,-1.4792899408283988,Negative
426,2018-02-14,101.7,100.86,102.25,100.21,7310000.0,2018,2,743427000.0,-1.482127288578905,Negative
427,2018-02-13,100.98,99.33,101.22,99.33,6620000.0,2018,2,668487600.0,-0.7079646017699059,Slight negative
428,2018-02-12,99.55,100.13,100.44,98.8,9140000.0,2018,2,909887000.0,-1.4161220043573008,Negative
429,2018-02-09,99.37,100.53,101.1,96.43,14180000.0,2018,2,1409066600.0,-0.18081366147664202,Slight or No Change
430,2018-02-08,100.02,103.23,103.48,100.0,13980000.0,2018,2,1398279600.0,0.6541209620609667,Slight positive
431,2018-02-07,102.85,100.5,104.59,100.01,11170000.0,2018,2,1148834500.0,2.8294341131773537,Positive
432,2018-02-06,100.9,97.64,101.08,97.25,16410000.0,2018,2,1655769000.0,-1.895964997569266,Negative
433,2018-02-05,100.09,103.4,104.61,97.09,12560000.0,2018,2,1257130400.0,-0.8027750247770138,Slight negative
434,2018-02-02,104.48,105.15,106.47,104.15,9250000.0,2018,2,966440000.0,4.386052552702568,Among top gainers
435,2018-02-01,105.52,105.96,106.56,105.18,6390000.0,2018,2,674272800.0,0.9954058192955584,Slight positive
436,2018-01-31,106.6,107.77,108.18,106.07,9810000.0,2018,1,1045746000.0,1.0235026535253988,Positive
437,2018-01-30,107.73,109.14,109.36,107.15,9180000.0,2018,1,988961400.0,1.060037523452162,Positive
438,2018-01-29,109.55,108.11,109.98,107.99,8359999.999999999,2018,1,915837999.9999999,1.6894087069525554,Positive
439,2018-01-26,108.39,107.0,108.41,106.68,6790000.0,2018,1,735968100.0,-1.058877225011412,Negative
440,2018-01-25,106.6,105.85,106.81,105.85,5860000.0,2018,1,624676000.0,-1.6514438601347048,Negative
441,2018-01-24,105.79,106.35,106.44,104.82,6820000.0,2018,1,721487800.0,-0.7598499061913566,Slight negative
442,2018-01-23,105.9,105.29,106.14,104.57,8289999.999999999,2018,1,877911000.0,0.10397958219112713,Slight or No Change
443,2018-01-22,105.45,104.5,105.45,104.04,7310000.0,2018,1,770839500.0,-0.4249291784702569,Slight or No Change
444,2018-01-19,104.59,104.64,104.93,103.66,8380000.000000001,2018,1,876464200.0000001,-0.8155523944997634,Slight negative
445,2018-01-18,104.3,104.74,104.94,103.62,12310000.0,2018,1,1283933000.0,-0.2772731618701618,Slight or No Change
446,2018-01-17,102.7,101.15,102.94,100.7,8680000.0,2018,1,891436000.0,-1.5340364333652823,Negative
447,2018-01-16,100.69,101.34,101.91,100.34,7170000.0,2018,1,721947300.0,-1.9571567672833523,Negative
448,2018-01-12,100.87,100.39,101.44,100.3,6950000.0,2018,1,701046500.0,0.17876651107360253,Slight or No Change
449,2018-01-11,100.02,99.7,100.45,98.78,6540000.0,2018,1,654130800.0,-0.8426687816000866,Slight negative
450,2018-01-10,99.67,99.75,99.89,98.53,7930000.0,2018,1,790383100.0,-0.3499300139971906,Slight or No Change
451,2018-01-09,100.39,102.03,102.35,100.31,7310000.0,2018,1,733850900.0,0.7223838667603122,Slight positive
452,2018-01-08,101.61,100.25,101.75,100.21,8840000.0,2018,1,898232400.0,1.2152604841119574,Positive
453,2018-01-05,100.13,99.64,100.38,99.61,7280000.0,2018,1,728946400.0,-1.4565495522094296,Negative
454,2018-01-04,99.54,99.54,99.78,98.91,6830000.0,2018,1,679858200.0,-0.5892339958054382,Slight negative
455,2018-01-03,99.45,98.85,100.0,98.77,8900000.0,2018,1,885105000.0,-0.0904159132007254,Slight or No Change
456,2018-01-02,98.59,99.3,99.79,98.52,10150000.0,2018,1,1000688500.0,-0.8647561588738029,Slight negative
457,2017-12-29,98.75,99.4,99.69,98.75,7140000.0,2017,12,705075000.0,0.162288264529864,Slight or No Change
458,2017-12-28,99.4,99.52,99.62,99.12,9760000.0,2017,12,970144000.0,0.6582278481012782,Slight positive
459,2017-12-27,99.26,99.56,99.6,98.83,5140000.0,2017,12,510196400.0,-0.14084507042253502,Slight or No Change
460,2017-12-26,99.16,98.35,99.44,98.35,4300000.0,2017,12,426388000.0,-0.1007455168245075,Slight or No Change
461,2017-12-22,98.21,98.29,98.42,97.68,5480000.0,2017,12,538190800.0,-0.9580475998386517,Slight negative
462,2017-12-21,98.06,99.0,99.33,97.98,7370000.0,2017,12,722702200.0,-0.1527339374808978,Slight or No Change
463,2017-12-20,98.75,99.45,99.65,98.45,10730000.0,2017,12,1059587500.0,0.7036508260248819,Slight positive
464,2017-12-19,98.8,99.91,99.91,98.29,12010000.0,2017,12,1186588000.0,0.05063291139240089,Slight or No Change
465,2017-12-18,97.9,97.38,98.17,97.36,7960000.0,2017,12,779284000.0,-0.910931174089058,Slight negative
466,2017-12-15,97.11,97.71,98.49,96.91,16140000.0,2017,12,1567355400.0,-0.806945863125641,Slight negative
467,2017-12-14,97.13,98.0,98.57,97.1,9390000.0,2017,12,912050700.0,0.020595201318096557,Slight or No Change
468,2017-12-13,97.76,96.66,97.91,96.55,7880000.0,2017,12,770348800.0,0.6486152579017856,Slight positive
469,2017-12-12,96.7,96.85,97.24,96.6,7810000.0,2017,12,755227000.0,-1.0842880523731613,Negative
470,2017-12-11,96.93,96.44,97.27,96.29,8930000.0,2017,12,865584900.0000001,0.23784901758014954,Slight or No Change
471,2017-12-08,96.55,96.67,96.7,96.14,5820000.0,2017,12,561921000.0,-0.3920354895285305,Slight or No Change
472,2017-12-07,96.78,97.06,97.58,96.65,7500000.0,2017,12,725850000.0,0.23821853961678574,Slight or No Change
473,2017-12-06,97.28,97.99,98.14,97.24,7140000.0,2017,12,694579200.0,0.516635668526555,Slight positive
474,2017-12-05,97.83,97.0,97.94,96.92,9010000.0,2017,12,881448300.0,0.5653782894736725,Slight positive
475,2017-12-04,97.01,97.73,97.96,96.67,8960000.0,2017,12,869209600.0,-0.8381886946744244,Slight negative
476,2017-12-01,97.35,97.61,97.71,96.23,8300000.000000001,2017,12,808005000.0,0.35047933202760895,Slight or No Change
477,2017-11-30,97.23,98.09,98.44,96.51,12850000.0,2017,11,1249405500.0,-0.12326656394452407,Slight or No Change
478,2017-11-29,97.56,97.22,98.26,96.88,11420000.0,2017,11,1114135200.0,0.339401419315033,Slight or No Change
479,2017-11-28,96.77,96.59,96.89,95.82,8710000.0,2017,11,842866700.0,-0.8097580975809815,Slight negative
480,2017-11-27,96.62,96.85,97.65,96.3,8900000.0,2017,11,859918000.0,-0.1550067169577285,Slight or No Change
481,2017-11-24,96.62,96.87,97.23,96.53,4500000.0,2017,11,434790000.0,0.0,Slight or No Change
482,2017-11-22,96.41,96.65,96.81,96.11,8920000.0,2017,11,859977200.0,-0.21734630511281994,Slight or No Change
483,2017-11-21,96.52,97.74,97.92,96.32,12750000.0,2017,11,1230630000.0,0.1140960481277764,Slight or No Change
484,2017-11-20,97.48,96.44,97.64,95.76,16390000.0,2017,11,1597697200.0,0.994612515540827,Slight positive
485,2017-11-17,97.47,99.24,100.13,96.58,23580000.0,2017,11,2298342600.0,-0.010258514567096366,Slight or No Change
486,2017-11-16,99.62,95.12,99.68,94.72,38120000.0,2017,11,3797514400.0,2.205806914948205,Positive
487,2017-11-15,89.83,90.34,90.85,89.65,8430000.0,2017,11,757266900.0,-9.82734390684602,Bear drop
488,2017-11-14,91.09,90.7,91.2,90.18,9830000.0,2017,11,895414700.0,1.402649448959159,Positive
489,2017-11-13,90.99,91.04,91.98,90.87,8490000.0,2017,11,772505100.0,-0.10978153474586749,Slight or No Change
490,2017-11-10,90.92,90.24,91.69,90.2,7650000.0,2017,11,695538000.0,-0.07693153093746297,Slight or No Change
491,2017-11-09,90.3,89.94,90.57,89.35,6900000.0,2017,11,623070000.0,-0.6819181698196286,Slight negative
492,2017-11-08,90.26,89.11,90.42,89.1,6770000.0,2017,11,611060200.0,-0.0442967884828227,Slight or No Change
493,2017-11-07,88.95,88.87,89.06,88.31,5350000.0,2017,11,475882500.0,-1.4513627298914256,Negative
494,2017-11-06,88.7,89.42,89.68,88.68,5260000.0,2017,11,466562000.0,-0.28105677346823565,Slight or No Change
495,2017-11-03,89.68,89.02,89.88,88.76,6510000.0,2017,11,583816800.0,1.104847801578357,Positive
496,2017-11-02,88.8,88.28,89.17,87.8,5180000.0,2017,11,459984000.0,-0.9812667261373864,Slight negative
497,2017-11-01,87.94,87.07,88.39,87.0,6180000.0,2017,11,543469200.0,-0.9684684684684641,Slight negative
498,2017-10-31,87.31,86.86,87.46,86.6,6010000.0,2017,10,524733100.0,-0.7163975437798453,Slight negative
499,2017-10-30,86.95,87.94,87.95,86.39,7050000.0,2017,10,612997500.0,-0.4123239033329562,Slight or No Change
500,2017-10-27,88.17,88.14,88.39,87.15,6620000.0,2017,10,583685400.0,1.4031052328924654,Positive
501,2017-10-26,88.62,88.66,89.11,88.02,6480000.0,2017,10,574257600.0,0.5103776794828097,Slight positive
502,2017-10-25,88.48,87.85,88.6,87.43,6410000.0,2017,10,567156800.0,-0.15797788309637184,Slight or No Change
